From	To
A0A0C3SFZ9	A0A0C3SFZ9
A0A0S2Z333	A0A0S2Z333
A0A0S2Z341	A0A0S2Z341
A0A0S2Z368	A0A0S2Z368
A0A0S2Z3D2	A0A0S2Z3D2
A0A0S2Z3E8	A0A0S2Z3E8
A0A0S2Z3F5	A0A0S2Z3F5
A0A0S2Z3G1	A0A0S2Z3G1
A0A0S2Z3G7	A0A0S2Z3G7
A0A0S2Z3I0	A0A0S2Z3I0
A0A0S2Z3I3	A0A0S2Z3I3
A0A0S2Z3I5	A0A0S2Z3I5
A0A0S2Z3J3	A0A0S2Z3J3
A0A0S2Z3K0	A0A0S2Z3K0
A0A0S2Z3S1	A0A0S2Z3S1
A0A0S2Z3W0	A0A0S2Z3W0
A0A0S2Z3Y6	A0A0S2Z3Y6
A0A0S2Z3Z2	A0A0S2Z3Z2
A0A0S2Z414	A0A0S2Z414
A0A0S2Z429	A0A0S2Z429
A0A0S2Z442	A0A0S2Z442
A0A0S2Z466	A0A0S2Z466
A0A0S2Z469	A0A0S2Z469
A0A0S2Z4E4	A0A0S2Z4E4
A0A0S2Z4E5	A0A0S2Z4E5
A0A0S2Z4F2	A0A0S2Z4F2
A0A0S2Z4H0	A0A0S2Z4H0
A0A0S2Z4M1	A0A0S2Z4M1
A0A0S2Z4M5	A0A0S2Z4M5
A0A0S2Z4Q4	A0A0S2Z4Q4
A0A0S2Z4Q5	A0A0S2Z4Q5
A0A0S2Z4S0	A0A0S2Z4S0
A0A0S2Z4S8	A0A0S2Z4S8
A0A0S2Z4X7	A0A0S2Z4X7
A0A0S2Z503	A0A0S2Z503
A0A0S2Z507	A0A0S2Z507
A0A0S2Z511	A0A0S2Z511
A0A0S2Z535	A0A0S2Z535
A0A0S2Z543	A0A0S2Z543
A0A0S2Z551	A0A0S2Z551
A0A0S2Z555	A0A0S2Z555
A0A0S2Z564	A0A0S2Z564
A0A0S2Z589	A0A0S2Z589
A0A0S2Z594	A0A0S2Z594
A0A0S2Z5A1	A0A0S2Z5A1
A0A0S2Z5A4	A0A0S2Z5A4
A0A0S2Z5B8	A0A0S2Z5B8
A0A0S2Z5D5	A0A0S2Z5D5
A0A0S2Z5E1	A0A0S2Z5E1
A0A0S2Z5F2	A0A0S2Z5F2
A0A0S2Z5G4	A0A0S2Z5G4
A0A0S2Z5H5	A0A0S2Z5H5
A0A0S2Z5J5	A0A0S2Z5J5
A0A0S2Z5M5	A0A0S2Z5M5
A0A0S2Z5P4	A0A0S2Z5P4
A0A0S2Z5P8	A0A0S2Z5P8
A0A0S2Z5R8	A0A0S2Z5R8
A0A0S2Z5U3	A0A0S2Z5U3
A0A0S2Z5W4	A0A0S2Z5W4
A0A0S2Z5W7	A0A0S2Z5W7
A0A0S2Z5X4	A0A0S2Z5X4
A0A0S2Z5X9	A0A0S2Z5X9
A0A0S2Z5Y1	A0A0S2Z5Y1
A0A0S2Z5Z3	A0A0S2Z5Z3
A0A0S2Z604	A0A0S2Z604
A0A0S2Z611	A0A0S2Z611
A0A0S2Z639	A0A0S2Z639
A0A0S2Z645	A0A0S2Z645
A0A0S2Z674	A0A0S2Z674
A0A0S2Z698	A0A0S2Z698
A0A0S2Z6H0	A0A0S2Z6H0
A0A0S2Z6M9	A0A0S2Z6M9
A0A0S2Z6P0	A0A0S2Z6P0
A0A0S2Z6S1	A0A0S2Z6S1
A0A0S2Z6U5	A0A0S2Z6U5
A0A9K3Y886	A0A9K3Y886
A1E347	P14270
A1X4Q1	A1X4Q1
A2AM29	A2AM29
A2ASQ1	A2ASQ1
A2RRN7	A2RRN7
A4D1W7	A4D1W7
A4D2P6	A4D2P6
A4IFA9	A4IFA9
A4UGR9	A4UGR9
A5JSJ9	A5JSJ9
A5YKK6	A5YKK6
A6NGQ2	A6NGQ2
A6NIH7	A6NIH7
A6NIM6	A6NIM6
A6NIX2	A6NIX2
A6PVS8	A6PVS8
A8K8P3	A8K8P3
A8MRB1	A8MRB1
A9UHW6	A9UHW6
B1P6E5	B1P6E5
B1PKZ2	B1PKZ2
B2RWS6	B2RWS6
B2ZZS9	B2ZZS9
B3VK31	B3VK31
B4DE54	B4DE54
B7SGZ7	B7SGZ7
B7Z018	B7Z018
B7Z3H4	B7Z3H4
B7ZLH0	B7ZLH0
B9EKI3	B9EKI3
C4ZQ83	C4ZQ83
C6EGH1	C6EGH1
C7GKY3	C7GKY3
C7GP96	C7GP96
C7GX20	C7GX20
C9WF17	C9WF17
D3W0D1	D3W0D1
D3ZUY8	D3ZUY8
D3ZWB1	D3ZWB1
E5LBX1	E5LBX1
E7ERP6	E7ERP6
E9PJ92	E9PJ92
E9PJI6	E9PJI6
F1NVD2	F1NVD2
F5H8H2	F5H8H2
F6IB71	F6IB71
F8VVZ1	F8VVZ1
G0TQZ9	G0TQZ9
G3V608	G3V608
G5DGD4	G5DGD4
G8JZS0	G8JZS0
H2L8A6	H2L8A6
H2LD76	H2LD76
H2LUV9	H2LUV9
I0LJR4	I0LJR4
I0LL25	I0LL25
I6L996	I6L996
I6L9F6	I6L9F6
K4CRX6	K4CRX6
O00148	O00148
O00167	O00167
O00170	O00170
O00175	O00175
O00187	O00187
O00198	O00198
O00206	O00206
O00212	O00212
O00213	O00213
O00220	O00220
O00238	O00238
O00244	O00244
O00268	O00268
O00273	O00273
O00287	O00287
O00300	O00300
O00308	O00308
O00311	O00311
O00330	O00330
O00401	O00401
O00429	O00429
O00444	O00444
O00459	O00459
O00463	O00463
O00471	O00471
O00481	O00481
O00482	O00482
O00499	O00499
O00505	O00505
O00506	O00506
O00512	O00512
O00522	O00522
O00560	O00560
O00585	O00585
O00623	O00623
O00626	O00626
O00628	O00628
O00629	O00629
O00716	O00716
O00755	O00755
O00763	O00763
O04291	O04291
O04663	O04663
O08584	O08584
O08599	O08599
O08674	O08674
O08715	O08715
O08734	O08734
O08747	O08747
O08785	O08785
O08849	O08849
O08915	O08915
O08983	O08983
O12161	O12161
O14490	O14490
O14492	O14492
O14503	O14503
O14508	O14508
O14522	O14522
O14543	O14543
O14544	O14544
O14593	O14593
O14602	O14602
O14613	O14613
O14618	O14618
O14625	O14625
O14627	O14627
O14640	O14640
O14641	O14641
O14646	O14646
O14669	O14669
O14686	O14686
O14727	O14727
O14733	O14733
O14745	O14745
O14746	O14746
O14763	O14763
O14775	O14775
O14776	O14776
O14786	O14786
O14788	O14788
O14793	O14793
O14796	O14796
O14798	O14798
O14807	O14807
O14810	O14810
O14836	O14836
O14862	O14862
O14867	O14867
O14893	O14893
O14920	O14920
O14924	O14924
O14929	O14929
O14931	O14931
O14936	O14936
O14944	O14944
O14964	O14964
O14965	O14965
O14980	O14980
O15031	O15031
O15037	O15037
O15041	O15041
O15055	O15055
O15085	O15085
O15105	O15105
O15111	O15111
O15116	O15116
O15117	O15117
O15118	O15118
O15123	O15123
O15151	O15151
O15162	O15162
O15169	O15169
O15197	O15197
O15259	O15259
O15265	O15265
O15273	O15273
O15304	O15304
O15315	O15315
O15350	O15350
O15357	O15357
O15360	O15360
O15379	O15379
O15389	O15389
O15392	O15392
O15428	O15428
O15439	O15439
O15444	O15444
O15467	O15467
O15492	O15492
O15520	O15520
O15524	O15524
O15525	O15525
O15530	O15530
O24017	O24017
O24456	O24456
O26901	O26901
O27798	O27798
O30916	O30916
O34580	O34580
O35182	O35182
O35253	O35253
O35430	O35430
O35516	O35516
O35551	O35551
O35625	O35625
O35657	O35657
O35717	O35717
O35718	O35718
O35984	O35984
O35988	O35988
O43148	O43148
O43157	O43157
O43166	O43166
O43172	O43172
O43182	O43182
O43186	O43186
O43194	O43194
O43278	O43278
O43290	O43290
O43295	O43295
O43300	O43300
O43323	O43323
O43353	O43353
O43395	O43395
O43405	O43405
O43447	O43447
O43464	O43464
O43502	O43502
O43504	O43504
O43508	O43508
O43521	O43521
O43524	O43524
O43541	O43541
O43542	O43542
O43543	O43543
O43557	O43557
O43559	O43559
O43561	O43561
O43566	O43566
O43586	O43586
O43597	O43597
O43617	O43617
O43623	O43623
O43633	O43633
O43639	O43639
O43683	O43683
O43699	O43699
O43707	O43707
O43719	O43719
O43739	O43739
O43745	O43745
O43752	O43752
O43765	O43765
O43791	O43791
O43809	O43809
O43815	O43815
O43819	O43819
O43823	O43823
O43865	O43865
O43889	O43889
O43918	O43918
O43921	O43921
O43924	O43924
O43929	O43929
O45379	O45379
O54880	O54880
O54968	O54968
O55003	O55003
O55055	O55055
O55131	O55131
O60216	O60216
O60224	O60224
O60260	O60260
O60282	O60282
O60313	O60313
O60331	O60331
O60356	O60356
O60423	O60423
O60447	O60447
O60469	O60469
O60478	O60478
O60479	O60479
O60486	O60486
O60487	O60487
O60494	O60494
O60502	O60502
O60504	O60504
O60506	O60506
O60563	O60563
O60565	O60565
O60566	O60566
O60583	O60583
O60603	O60603
O60609	O60609
O60610	O60610
O60663	O60663
O60674	O60674
O60683	O60683
O60684	O60684
O60716	O60716
O60784	O60784
O60828	O60828
O60829	O60829
O60832	O60832
O60841	O60841
O60880	O60880
O60885	O60885
O60894	O60894
O60895	O60895
O60896	O60896
O60907	O60907
O60934	O60934
O60936	O60936
O70355	O70355
O70373	O70373
O70433	O70433
O70622	O70622
O75030	O75030
O75044	O75044
O75084	O75084
O75096	O75096
O75143	O75143
O75144	O75144
O75147	O75147
O75159	O75159
O75164	O75164
O75175	O75175
O75190	O75190
O75192	O75192
O75326	O75326
O75340	O75340
O75351	O75351
O75360	O75360
O75376	O75376
O75381	O75381
O75400	O75400
O75410	O75410
O75414	O75414
O75419	O75419
O75420	O75420
O75444	O75444
O75446	O75446
O75462	O75462
O75469	O75469
O75473	O75473
O75478	O75478
O75494	O75494
O75496	O75496
O75525	O75525
O75528	O75528
O75530	O75530
O75531	O75531
O75554	O75554
O75558	O75558
O75563	O75563
O75581	O75581
O75636	O75636
O75643	O75643
O75674	O75674
O75689	O75689
O75771	O75771
O75791	O75791
O75794	O75794
O75807	O75807
O75815	O75815
O75844	O75844
O75874	O75874
O75880	O75880
O75886	O75886
O75888	O75888
O75899	O75899
O75909	O75909
O75928	O75928
O76003	O76003
O76036	O76036
O76041	O76041
O76064	O76064
O76075	O76075
O80809	O80809
O82533	O82533
O88346	O88346
O88565	M0RC99
O88618	O88618
O88689	O88689
O88777	O88777
O88895	O88895
O88974	O88974
O89090	O89090
O89100	O89100
O94811	O94811
O94813	O94813
O94817	O94817
O94826	O94826
O94829	O94829
O94842	O94842
O94855	O94855
O94874	O94874
O94901	O94901
O94906	O94906
O94907	O94907
O94953	O94953
O94972	O94972
O94985	O94985
O94992	O94992
O95071	O95071
O95149	O95149
O95150	O95150
O95166	O95166
O95251	O95251
O95271	O95271
O95273	O95273
O95292	O95292
O95295	O95295
O95343	O95343
O95361	O95361
O95390	O95390
O95400	O95400
O95405	O95405
O95407	O95407
O95630	O95630
O95631	O95631
O95644	O95644
O95684	O95684
O95715	O95715
O95747	O95747
O95751	O95751
O95777	O95777
O95819	O95819
O95835	O95835
O95905	O95905
O95931	O95931
O95944	O95944
O95967	O95967
O95983	O95983
O95985	O95985
O95988	O95988
O95999	O95999
O96011	O96011
O96014	O96014
O96017	O96017
O96020	O96020
P00167	P00167
P00441	P00441
P00451	P00451
P00519	P00519
P00533	P00533
P00558	P00558
P00709	P00709
P00734	P00734
P00736	P00736
P00740	P00740
P00747	P00747
P00749	P00749
P00751	P00751
P00756	P00756
P00757	P00757
P00772	P00772
P00797	P00797
P00813	P00813
P00915	P00915
P00918	P00918
P00973	P00973
P01008	P01008
P01019	P01019
P01023	P01023
P01024	P01024
P01040	P01040
P01100	P01100
P01106	P01106
P01108	P01108
P01111	P01111
P01112	P01112
P01116	P01116
P01127	P01127
P01130	P01130
P01132	P01132
P01133	P01133
P01135	P01135
P01137	P01137
P01138	P01138
P01139	P01139
P01140	P01140
P01186	P01186
P01215	P01215
P01225	P01225
P01236	P01236
P01237	P01237
P01241	P01241
P01266	P01266
P01270	P01270
P01275	P01275
P01286	P01286
P01303	P01303
P01308	P01308
P01344	P01344
P01346	P01346
P01350	P01350
P01374	P01374
P01375	P01375
P01563	P01563
P01579	P01579
P01582	P01582
P01583	P01583
P01584	P01584
P01586	P01586
P01587	P01587
P01588	P01588
P01589	P01589
P01619	P01619
P01709	P01709
P01772	P01772
P01834	P01834
P01848	P01848
P01850	P01850
P01857	P01857
P01861	P01861
P01889	P01889
P01892	P04439
P01893	P01893
P01903	P01903
P01909	P01909
P01911	P01911
P01920	P01920
P02340	P02340
P02452	P02452
P02458	P02458
P02462	P02462
P02489	P02489
P02511	P02511
P02533	P02533
P02538	P02538
P02540	P02540
P02545	P02545
P02549	P02549
P02554	P02554
P02609	P02609
P02649	P02649
P02710	P02710
P02730	P02730
P02741	P02741
P02743	P02743
P02745	P02745
P02749	P02749
P02750	P02750
P02751	P02751
P02753	P02753
P02765	P02765
P02766	P02766
P02768	P02768
P02769	P02769
P02771	P02771
P02774	P02774
P02775	P02775
P02776	P02776
P02778	P02778
P02786	P02786
P02787	P02787
P02788	P02788
P02866	P02866
P02870	P02870
P02925	P02925
P03073	P03073
P03169	P03169
P03211	P03211
P03244	P03244
P03255	P03255
P03372	P03372
P03393	P03393
P03495	P03495
P03682	P03682
P03950	P03950
P03966	P03966
P03969	P03969
P03973	P03973
P03995	P03995
P04003	P04003
P04004	P04004
P04049	P04049
P04114	P04114
P04141	P04141
P04150	P04150
P04155	P04155
P04156	P04156
P04163	P04163
P04202	P04202
P04233	P04233
P04234	P04234
P04264	P04264
P04271	P04271
P04275	P04275
P04351	P04351
P04401	P04401
P04406	P04406
P04424	P04424
P04439	P04439
P04578	P04578
P04601	P04601
P04608	P04608
P04626	P04626
P04628	P04628
P04629	P04629
P04632	P04632
P04637	P04637
P04792	P04792
P04840	P04840
P04921	P04921
P05017	P05017
P05019	P05019
P05067	P05067
P05106	P05106
P05107	P05107
P05109	P05109
P05111	P05111
P05112	P05112
P05113	P05113
P05121	P05121
P05132	P05132
P05154	P05154
P05155	P05155
P05161	P05161
P05230	P05230
P05231	P05231
P05362	P05362
P05386	P05386
P05387	P05387
P05412	P05412
P05413	P05413
P05532	P05532
P05549	P05549
P05556	P05556
P05627	P05627
P05696	P05696
P05712	P05712
P05771	P05771
P05783	P05783
P05787	P05787
P05813	P05813
P05814	P05814
P05937	P05937
P05943	P05943
P06126	P06126
P06136	P06136
P06213	P06213
P06239	P06239
P06241	P06241
P06280	P06280
P06396	P06396
P06400	P06400
P06454	P06454
P06493	P06493
P06537	P06537
P06685	P06685
P06702	P06702
P06703	P06703
P06729	P06729
P06730	P06730
P06748	P06748
P06750	P06750
P06753	P06753
P06756	P06756
P06850	P06850
P06858	P06858
P06865	P06865
P06876	P06876
P07196	P07196
P07200	P07200
P07203	P07203
P07204	P07204
P07237	P07237
P07249	P07249
P07321	P07321
P07332	P07332
P07333	P07333
P07359	P07359
P07384	P07384
P07437	P07437
P07522	P07522
P07620	P07620
P07621	P07621
P07686	P07686
P07766	P07766
P07814	P07814
P07858	P07858
P07900	P07900
P07911	P07911
P07942	P07942
P07947	P07947
P07948	P07948
P07949	P07949
P07954	P07954
P07992	P07992
P07998	P07998
P08047	P08047
P08069	P08069
P08081	P08081
P08107	P0DMV8
P08107	P0DMV9
P08133	P08133
P08138	P08138
P08151	P08151
P08174	P08174
P08238	P08238
P08240	P08240
P08246	P08246
P08253	P08253
P08476	P08476
P08514	P08514
P08553	P08553
P08559	P08559
P08571	P08571
P08581	P08581
P08588	P08588
P08603	P08603
P08620	P08620
P08621	P08621
P08631	P08631
P08646	P08646
P08670	P08670
P08700	P08700
P08709	P08709
P08727	P08727
P08752	P08752
P08833	P08833
P08865	P08865
P08887	P08887
P08956	P08956
P08957	P08957
P09038	P09038
P09056	P09056
P09225	P09225
P09326	P09326
P09341	P09341
P09382	P09382
P09429	P09429
P09471	P09471
P09486	P09486
P09529	P09529
P09603	P09603
P09619	P09619
P09622	P09622
P09681	P09681
P09693	P09693
P09712	P09712
P09728	P09728
P09729	P09729
P09731	P09731
P09769	P09769
P09793	P09793
P09803	P09803
P09866	P09866
P09871	P09871
P09874	P09874
P09917	P09917
P09951	P09951
P0A6A8	P0A6A8
P0A6F5	P0A6F5
P0A6S5	P0A6S5
P0A9A6	P0A9A6
P0A9H1	P0A9H1
P0A9X4	P0A9X4
P0ABG4	P0ABG4
P0ABH0	P0ABH0
P0AC30	P0AC30
P0AD68	P0AD68
P0AEN4	P0AEN4
P0AFS3	P0AFS3
P0AG20	P0AG20
P0AG74	P0AG74
P0AG86	P0AG86
P0AGE0	P0AGE0
P0C0S8	P0C0S8
P0C605	P0C605
P0C746	P0C746
P0C7W6	P0C7W6
P0C7X2	P0C7X2
P0C8E7	P0C8E7
P0CAP1	P0CAP1
P0CG04	P0CG04
P0CG47	P0CG47
P0CG48	P0CG48
P0CL52	P0CL52
P0DMV8	P0DMV8
P0DN86	P0DN86
P0DP23	P0DP23
P10071	P10071
P10145	P10145
P10147	P10147
P10153	P10153
P10166	P10166
P10242	P10242
P10275	P10275
P10276	P10276
P10321	P10321
P10398	P10398
P10415	P10415
P10515	P10515
P10586	P10586
P10599	P10599
P10600	P10600
P10636	P10636
P10720	P10720
P10721	P10721
P10745	P10745
P10747	P10747
P10767	P10767
P10809	P10809
P10827	P10827
P10828	P10828
P10855	P10855
P10909	P10909
P10912	P10912
P10993	P10993
P10997	P10997
P10999	P10999
P11021	P11021
P11084	P11084
P11103	P11103
P11142	P11142
P11177	P11177
P11215	P11215
P11226	P11226
P11274	P11274
P11276	P11276
P11277	P11277
P11362	P11362
P11464	P11464
P11473	P11473
P11474	P11474
P11488	P11488
P11505	P11505
P11532	P11532
P11627	P11627
P11632	P11632
P11655	P11655
P11717	P11717
P11802	P11802
P11831	P11831
P11940	P11940
P12004	P12004
P12259	P12259
P12272	P12272
P12314	P12314
P12465	P12465
P12643	P12643
P12644	P12644
P12645	P12645
P12694	P12694
P12755	P12755
P12757	P12757
P12814	P12814
P12830	P12830
P12931	P12931
P12956	P12956
P12962	P12962
P12978	P12978
P13010	P13010
P13051	P13051
P13213	P13213
P13232	P13232
P13236	P13236
P13264	P13264
P13405	P13405
P13489	P13489
P13497	P13497
P13498	P13498
P13500	P13500
P13501	P13501
P13569	P13569
P13574	P13574
P13595	P13595
P13612	P13612
P13631	P13631
P13645	P13645
P13646	P13646
P13647	P13647
P13667	P13667
P13688	P13688
P13725	P13725
P13726	P13726
P13804	P13804
P13808	P13808
P13861	P13861
P13942	P13942
P13984	P13984
P13987	P13987
P14097	P14097
P14136	P14136
P14151	P14151
P14174	P14174
P14210	P14210
P14373	P14373
P14416	P14416
P14598	P14598
P14619	Q13976
P14625	P14625
P14652	P14652
P14653	P14653
P14678	P14678
P14735	P14735
P14753	P14753
P14778	P14778
P14784	P14784
P14921	P14921
P14923	P14923
P15018	P15018
P15056	P15056
P15151	P15151
P15153	P15153
P15172	P15172
P15205	P15205
P15207	P15207
P15208	P15208
P15247	P15247
P15260	P15260
P15307	P15307
P15311	P15311
P15331	P15331
P15336	P15336
P15337	P15337
P15374	P15374
P15385	P15385
P15407	P15407
P15498	P15498
P15499	P15499
P15502	P15502
P15509	P15509
P15514	P15514
P15529	P15529
P15531	P15531
P15559	P15559
P15655	P15655
P15692	P15692
P15813	P15813
P15884	P15884
P15923	P15923
P15927	P15927
P15976	P15976
P16035	P16035
P16054	P16054
P16070	P16070
P16086	P16086
P16092	P16092
P16104	P16104
P16109	P16109
P16144	P16144
P16157	P16157
P16333	P16333
P16410	P16410
P16471	P16471
P16520	P16520
P16671	P16671
P16757	P16757
P16778	P16778
P16871	P16871
P16885	P16885
P17036	P17036
P17141	P17141
P17252	P17252
P17275	P17275
P17301	P17301
P17302	P17302
P17480	P17480
P17535	P17535
P17560	P17560
P17612	P17612
P17655	P17655
P17661	P17661
P17679	P17679
P17693	P17693
P17706	P17706
P17813	P17813
P17839	P17839
P17844	P17844
P17861	P17861
P17918	P17918
P17927	P17927
P17931	P17931
P17936	P17936
P17948	P17948
P17980	P17980
P17987	P17987
P18031	P18031
P18064	P18064
P18075	P18075
P18084	P18084
P18113	P18113
P18206	P18206
P18508	P18508
P18509	P18509
P18510	P18510
P18564	P18564
P18576	P18576
P18627	P18627
P18653	P18653
P18754	P18754
P18827	P18827
P18847	P18847
P18848	P18848
P18850	P18850
P18887	P18887
P18901	P18901
P19012	P19012
P19174	P19174
P19235	P19235
P19338	P19338
P19366	P19366
P19419	P19419
P19438	P19438
P19474	P19474
P19490	P19490
P19491	P19491
P19525	P19525
P19544	P19544
P19632	P19632
P19634	P19634
P19784	P19784
P19793	P19793
P19838	P19838
P19875	P19875
P19878	P19878
P19883	P19883
P19934	P19934
P19940	P19940
P20023	P20023
P20042	P20042
P20062	P20062
P20073	P20073
P20153	P20153
P20155	P20155
P20226	P20226
P20248	P20248
P20333	P20333
P20336	P20336
P20338	P20338
P20339	P20339
P20340	P20340
P20393	P20393
P20396	P20396
P20585	P20585
P20700	P20700
P20701	P20701
P20702	P20702
P20783	P20783
P20809	P20809
P20815	P20815
P20827	P20827
P20849	P20849
P20917	P20917
P20929	P20929
P20936	P20936
P20942	P20942
P20963	P20963
P21109	P21109
P21127	P21127
P21183	P21183
P21237	P21237
P21246	P21246
P21274	P21274
P21333	P21333
P21549	P21549
P21583	P21583
P21675	P21675
P21707	P21707
P21709	P21709
P21731	P21731
P21781	P21781
P21796	P21796
P21802	P21802
P21803	P21803
P21810	P21810
P21836	P21836
P21860	P21860
P21917	P21917
P21941	P21941
P21953	P21953
P21981	P21981
P22001	P22001
P22003	P22003
P22004	P22004
P22087	P22087
P22298	P22298
P22301	P22301
P22303	P22303
P22455	P22455
P22459	P22459
P22561	P22561
P22607	P22607
P22681	P22681
P22692	P22692
P22736	P22736
P22891	P22891
P22897	P22897
P22914	P22914
P23025	P23025
P23284	P23284
P23297	P23297
P23299	P23299
P23352	P23352
P23443	P23443
P23468	P23468
P23471	P23471
P23508	P23508
P23510	P23510
P23511	P23511
P23514	P23514
P23560	P23560
P23588	P23588
P23634	P23634
P23769	P23769
P23771	P23771
P23818	P23818
P24071	P24071
P24158	P24158
P24230	P24230
P24385	P24385
P24394	P24394
P24588	P24588
P24593	P24593
P24666	P24666
P24786	P24786
P24863	P24863
P24864	P24864
P24928	P24928
P24941	P24941
P25025	P25025
P25054	P25054
P25100	P25100
P25116	P25116
P25205	P25205
P25206	P25206
P25208	P25208
P25311	P25311
P25440	P25440
P25445	P25445
P25446	P25446
P25490	P25490
P25697	P25697
P25788	P25788
P25815	P25815
P25822	P25822
P25856	P25856
P25916	P25916
P25942	P25942
P25963	P25963
P25976	P25976
P26010	P26010
P26022	P26022
P26038	P26038
P26039	P26039
P26045	P26045
P26151	P26151
P26196	P26196
P26358	P26358
P26367	P26367
P26368	P26368
P26371	P26371
P26440	P26440
P26441	P26441
P26447	P26447
P26450	P26450
P26641	P26641
P26651	P26651
P26715	P26715
P26718	P26718
P26927	P26927
P26951	P26951
P26955	P26955
P26992	P26992
P27037	P27037
P27348	P27348
P27352	P27352
P27361	P27361
P27487	P27487
P27512	P27512
P27540	P27540
P27548	P27548
P27584	P27584
P27601	P27601
P27695	P27695
P27699	P27699
P27701	P27701
P27797	P27797
P27815	P27815
P27882	P27882
P27918	P27918
P27986	P27986
P28033	P28033
P28067	P28067
P28068	P28068
P28069	P28069
P28300	P28300
P28324	P28324
P28328	P28328
P28358	P28358
P28360	P28360
P28482	P28482
P28494	P28494
P28574	P28574
P28651	P28651
P28652	P28652
P28702	P28702
P28738	P28738
P28749	P28749
P28799	P28799
P28827	P28827
P29016	P29016
P29034	P29034
P29083	P29083
P29131	P29131
P29150	P29150
P29317	P29317
P29351	P29351
P29353	P29353
P29377	P29377
P29459	P29459
P29460	P29460
P29466	P29466
P29590	P29590
P29965	P29965
P30086	P30086
P30101	P30101
P30117	P30117
P30153	P30153
P30154	P30154
P30260	P30260
P30279	P30279
P30281	P30281
P30307	P30307
P30405	P30405
P30511	P30511
P30530	P30530
P30533	P30533
P30560	P30560
P30658	P30658
P30874	P30874
P30882	P30882
P31016	P31016
P31041	P31041
P31150	P31150
P31151	P31151
P31269	P31269
P31273	P31273
P31274	P31274
P31323	P31323
P31324	P31324
P31371	P31371
P31431	P31431
P31695	P31695
P31749	P31749
P31750	P31750
P31751	P31751
P31786	P31786
P31946	P31946
P31947	P31947
P31948	P31948
P31949	P31949
P31994	P31994
P31997	P31997
P32121	P32121
P32418	P32418
P32481	P32481
P32494	P32494
P32780	P32780
P32851	P32851
P32927	P32927
P32942	P32942
P32970	P32970
P32971	P32971
P32972	P32972
P33175	P33175
P33176	P33176
P33681	P33681
P33763	P33763
P33764	P33764
P33991	P33991
P33993	P33993
P34021	P34021
P34130	P34130
P34741	P34741
P34820	P34820
P34925	P34925
P34932	P34932
P34998	P34998
P35213	P35213
P35221	P35221
P35222	P35222
P35225	P35225
P35226	P35226
P35240	P35240
P35241	P35241
P35244	P35244
P35269	P35269
P35279	P35279
P35285	P35285
P35288	P35288
P35292	P35292
P35293	P35293
P35295	P35295
P35348	P35348
P35367	P35367
P35368	P35368
P35372	P35372
P35396	P35396
P35439	P35439
P35452	P35452
P35523	P35523
P35548	P35548
P35555	P35555
P35568	P35568
P35570	P35570
P35579	P35579
P35590	P35590
P35606	P35606
P35609	P35609
P35637	P35637
P35638	P35638
P35872	P35872
P35916	P35916
P35917	P35917
P35918	P35918
P35968	P35968
P36046	P36046
P36222	P36222
P36404	P36404
P36405	P36405
P36406	P36406
P36507	P36507
P36871	P36871
P36888	P36888
P36894	P36894
P36897	P36897
P36915	P36915
P37088	P37088
P37108	P37108
P37173	P37173
P37231	P37231
P37238	P37238
P37275	P37275
P37397	P37397
P37455	P37455
P37840	P37840
P37889	P37889
P38117	P38117
P38398	P38398
P38431	P38431
P38432	P38432
P38532	P38532
P38919	P38919
P38936	P38936
P39052	P39052
P39060	P39060
P39429	P39429
P39447	P39447
P39748	P39748
P39905	P39905
P40189	P40189
P40199	P40199
P40225	P40225
P40238	P40238
P40424	P40424
P40425	P40425
P40763	P40763
P40855	P40855
P40879	P40879
P40933	P40933
P40939	P40939
P41047	P41047
P41091	P41091
P41155	P41155
P41159	P41159
P41208	P41208
P41212	P41212
P41220	P41220
P41221	P41221
P41235	P41235
P41236	P41236
P41240	P41240
P41252	P41252
P41273	P41273
P41274	P41274
P41279	P41279
P41350	P41350
P41587	P41587
P41593	P41593
P41743	P41743
P41970	P41970
P42081	P42081
P42208	P42208
P42212	P42212
P42224	P42224
P42225	P42225
P42226	P42226
P42229	P42229
P42285	P42285
P42336	P42336
P42345	P42345
P42566	P42566
P42568	P42568
P42574	P42574
P42575	P42575
P42586	P42586
P42679	P42679
P42680	P42680
P42681	P42681
P42684	P42684
P42702	P42702
P42768	P42768
P42771	P42771
P42858	P42858
P43004	P43004
P43026	P43026
P43146	P43146
P43246	P43246
P43351	P43351
P43360	P43360
P43364	P43364
P43365	P43365
P43403	P43403
P43405	P43405
P43407	P43407
P43488	P43488
P43489	P43489
P43629	P43629
P43630	P43630
P43632	P43632
P45481	P45481
P45973	P45973
P45983	P45983
P46013	P46013
P46060	P46060
P46063	P46063
P46092	P46092
P46108	P46108
P46109	P46109
P46414	P46414
P46527	P46527
P46531	P46531
P46630	P46630
P46662	P46662
P46776	P46776
P46934	P46934
P46937	P46937
P46939	P46939
P47224	P47224
P47708	P47708
P47709	P47709
P47825	P47825
P47992	P47992
P48023	P48023
P48059	P48059
P48061	P48061
P48382	P48382
P48415	P48415
P48540	P48540
P48546	P48546
P48551	P48551
P48552	P48552
P48616	P48616
P48729	P48729
P48730	P48730
P48736	P48736
P48740	P48740
P48788	P48788
P48960	P48960
P48995	P48995
P49023	P49023
P49069	P49069
P49116	P49116
P49137	P49137
P49177	P49177
P49185	P49185
P49207	P49207
P49257	P49257
P49336	P49336
P49354	P49354
P49356	P49356
P49407	P49407
P49418	P49418
P49427	P49427
P49441	P49441
P49459	P49459
P49597	P49597
P49674	P49674
P49682	P49682
P49715	P49715
P49717	P49717
P49736	P49736
P49750	P49750
P49755	P49755
P49763	P49763
P49765	P49765
P49767	P49767
P49768	P49768
P49790	P49790
P49792	P49792
P49799	P49799
P49815	P49815
P49841	P49841
P49848	P49848
P49917	P49917
P50052	P50052
P50148	P50148
P50213	P50213
P50221	P50221
P50281	P50281
P50402	P50402
P50462	P50462
P50502	P50502
P50538	P50538
P50540	P50540
P50542	P50542
P50570	P50570
P50591	P50591
P50592	P50592
P50616	P50616
P50747	P50747
P50750	P50750
P51111	P51111
P51116	P51116
P51141	P51141
P51148	P51148
P51149	P51149
P51150	P51150
P51153	P51153
P51167	P51167
P51168	P51168
P51449	P51449
P51451	P51451
P51452	P51452
P51531	P51531
P51553	P51553
P51572	P51572
P51587	P51587
P51617	P51617
P51671	P51671
P51677	P51677
P51679	P51679
P51680	P51680
P51681	P51681
P51692	P51692
P51693	P51693
P51784	P51784
P51809	P51809
P51812	P51812
P51813	P51813
P51825	P51825
P51843	P51843
P51884	P51884
P51965	P51965
P52198	P52198
P52205	P52205
P52272	P52272
P52292	P52292
P52294	P52294
P52298	P52298
P52332	P52332
P52434	P52434
P52565	P52565
P52566	P52566
P52594	P52594
P52603	P52603
P52735	P52735
P52756	P52756
P52798	P52798
P52799	P52799
P52803	P52803
P52823	P52823
P52907	P52907
P52948	P52948
P53041	P53041
P53350	P53350
P53365	P53365
P53566	P53566
P53567	P53567
P53597	P53597
P53667	P53667
P53762	P53762
P53778	P53778
P53986	P53986
P53994	P53994
P54098	P54098
P54130	P54130
P54198	P54198
P54253	P54253
P54256	P54256
P54258	P54258
P54274	P54274
P54282	P54282
P54394	P54394
P54577	P54577
P54645	P54645
P54725	P54725
P54760	P54760
P54764	P54764
P54826	P54826
P54921	P54921
P55002	P55002
P55036	P55036
P55055	P55055
P55072	P55072
P55084	P55084
P55089	P55089
P55196	P55196
P55201	P55201
P55209	P55209
P55210	P55210
P55211	P55211
P55258	P55258
P55273	P55273
P55854	P55854
P55899	P55899
P55957	P55957
P56199	P56199
P56277	P56277
P56279	P56279
P56371	P56371
P56524	P56524
P56546	P56546
P56589	P56589
P56597	P56597
P56703	P56703
P56704	P56704
P56945	P56945
P57105	P57105
P57730	P57730
P57776	P57776
P58340	P58340
P58772	P58772
P59047	P59047
P59190	P59190
P59991	P59991
P60042	P60042
P60201	P60201
P60228	P60228
P60411	P60411
P60484	P60484
P60520	P60520
P60568	P60568
P60604	P60604
P60709	P60709
P60763	P60763
P60766	P60766
P60842	P60842
P60881	P60881
P60891	P60891
P60896	P60896
P60903	P60903
P60953	P60953
P60981	P60981
P61006	P61006
P61011	P61011
P61019	P61019
P61024	P61024
P61027	P61027
P61073	P61073
P61077	P61077
P61081	P61081
P61088	P61088
P61244	P61244
P61289	P61289
P61326	P61326
P61371	P61371
P61457	P61457
P61586	P61586
P61587	P61587
P61588	P61588
P61619	P61619
P61626	P61626
P61765	P61765
P61769	P61769
P61916	P61916
P61956	P61956
P61964	P61964
P61978	P61978
P61981	P61981
P62136	P62136
P62140	P62140
P62149	P62149
P62157	P62157
P62158	P0DP23
P62158	P0DP24
P62158	P0DP25
P62160	P62160
P62161	P0DP29
P62161	P0DP30
P62161	P0DP31
P62199	P62199
P62258	P62258
P62259	P62259
P62310	P62310
P62312	P62312
P62314	P62314
P62330	P62330
P62331	P62331
P62491	P62491
P62492	P62492
P62500	P62500
P62508	P62508
P62630	P62630
P62805	P62805
P62813	P62813
P62821	P62821
P62826	P62826
P62834	P62834
P62837	P62837
P62873	P62873
P62877	P62877
P62879	P62879
P62880	P62880
P62917	P62917
P62937	P62937
P62942	P62942
P62960	P62960
P62988	P62987
P62988	P0CG48
P62988	P0CG47
P62988	P62979
P62993	P62993
P62994	P62994
P62995	P62995
P63000	P63000
P63001	P63001
P63006	P63006
P63011	P63011
P63045	P63045
P63059	P63059
P63079	P63079
P63092	P63092
P63095	P63095
P63096	P63096
P63098	P63098
P63101	P63101
P63104	P63104
P63140	P63140
P63146	P63146
P63162	P63162
P63165	P63165
P63167	P63167
P63170	P63170
P63208	P63208
P63213	P63213
P63239	P63239
P63244	P63244
P63279	P63279
P63300	P63300
P63316	P63316
P63329	P63329
P63330	P63330
P67775	P67775
P67809	P67809
P67870	P67870
P67930	P67930
P68036	P68036
P68133	P68133
P68254	P68254
P68400	P68400
P68431	P68431
P68871	P68871
P69892	P69892
P69905	P69905
P69908	P69908
P70188	P70188
P70196	P70196
P70217	P70217
P70323	P70323
P70336	P70336
P70339	P70339
P70371	P70371
P70434	P70434
P70452	P70452
P70644	P70644
P70671	P70671
P78314	P78314
P78324	P78324
P78344	P78344
P78347	P78347
P78352	P78352
P78364	P78364
P78396	P78396
P78406	P78406
P78504	P78504
P78527	P78527
P78552	P78552
P78556	P78556
P78562	P78562
P79348	P79348
P80075	P80075
P80162	P80162
P80370	P80370
P80385	P80385
P80511	P80511
P82279	P82279
P82471	P82471
P83436	P83436
P83876	P83876
P83916	P83916
P84022	P84022
P84077	P84077
P84103	P84103
P84243	P84243
P86478	P86478
P92973	P92973
P97287	P97287
P97428	P97428
P97454	P97454
P97465	P97465
P97471	P97471
P97503	P97503
P97797	P97797
P97879	P97879
P97946	P97946
P98066	P98066
P98077	P98077
P98086	P98086
P98161	P98161
P98164	P98164
P98170	P98170
Q00013	Q00013
Q00262	Q00262
Q00322	Q00322
Q00526	Q00526
Q00534	Q00534
Q00535	Q00535
Q00536	Q00536
Q00597	Q00597
Q00610	Q00610
Q00688	Q00688
Q00722	Q00722
Q00731	Q00731
Q00887	Q00887
Q00960	Q00960
Q00975	Q00975
Q00987	Q00987
Q01081	Q01081
Q01082	Q01082
Q01094	Q01094
Q01105	Q01105
Q01130	Q01130
Q01147	Q01147
Q01196	Q01196
Q01279	Q01279
Q01344	Q01344
Q01593	Q01593
Q01668	Q01668
Q01705	Q01705
Q01728	Q01728
Q01814	Q01814
Q01831	Q01831
Q01860	Q01860
Q01968	Q01968
Q02040	Q02040
Q02108	Q02108
Q02153	Q02153
Q02156	Q02156
Q02242	Q02242
Q02248	Q02248
Q02257	Q02257
Q02297	Q02297
Q02357	Q02357
Q02446	Q02446
Q02535	Q02535
Q02750	Q02750
Q02763	Q02763
Q02821	Q02821
Q02870	Q02870
Q03001	Q03001
Q03059	Q03059
Q03112	Q03112
Q03135	Q03135
Q03137	Q03137
Q03141	Q03141
Q03142	Q03142
Q03147	Q03147
Q03164	Q03164
Q03167	Q03167
Q03181	Q03181
Q03403	Q03403
Q03405	Q03405
Q03426	Q03426
Q03431	Q03431
Q04047	Q04047
Q04206	Q04206
Q04207	Q04207
Q04637	Q04637
Q04656	Q04656
Q04724	Q04724
Q04756	Q04756
Q04759	Q04759
Q04771	Q04771
Q04863	Q04863
Q04912	Q04912
Q04917	Q04917
Q05086	Q05086
Q05193	Q05193
Q05343	Q05343
Q05513	Q05513
Q05516	Q05516
Q05519	Q05519
Q05586	Q05586
Q05793	Q05793
Q05BL1	Q05BL1
Q06124	Q06124
Q06187	Q06187
Q06265	Q06265
Q06330	Q06330
Q06455	Q06455
Q06481	Q06481
Q06546	Q06546
Q06547	Q06547
Q06587	Q06587
Q06609	Q06609
Q06643	Q06643
Q06787	Q06787
Q06830	Q06830
Q07021	Q07021
Q07157	Q07157
Q07325	Q07325
Q07326	Q07326
Q07343	Q07343
Q07666	Q07666
Q07699	Q07699
Q07731	Q07731
Q07812	Q07812
Q07813	Q07813
Q07817	Q07817
Q07820	Q07820
Q07832	Q07832
Q07869	Q07869
Q07889	Q07889
Q07912	Q07912
Q07954	Q07954
Q07955	Q07955
Q07960	Q07960
Q08024	Q08024
Q08050	Q08050
Q08117	Q08117
Q08125	Q08125
Q08170	Q08170
Q08209	Q08209
Q08211	Q08211
Q08379	Q08379
Q08473	Q08473
Q08493	Q08493
Q08499	Q08499
Q08830	Q08830
Q08877	Q08877
Q08879	Q08879
Q08881	Q08881
Q08999	Q08999
Q08AM6	Q08AM6
Q09028	Q09028
Q09161	Q09161
Q09163	Q09163
Q09470	Q09470
Q09472	Q09472
Q09666	Q09666
Q0VC48	Q0VC48
Q0VGL1	Q0VGL1
Q10282	Q10282
Q10570	Q10570
Q10586	Q10586
Q12778	Q12778
Q12800	Q12800
Q12824	Q12824
Q12830	Q12830
Q12834	Q12834
Q12841	Q12841
Q12860	Q12860
Q12873	Q12873
Q12874	Q12874
Q12879	Q12879
Q12888	Q12888
Q12912	Q12912
Q12918	Q12918
Q12923	Q12923
Q12929	Q12929
Q12933	Q12933
Q12942	Q06547
Q12955	Q12955
Q12959	Q12959
Q12962	Q12962
Q12967	Q12967
Q13009	Q13009
Q13046	Q13046
Q13057	Q13057
Q13064	Q13064
Q13075	Q13075
Q13077	Q13077
Q13094	Q13094
Q13114	Q13114
Q13127	Q13127
Q13133	Q13133
Q13137	Q13137
Q13153	Q13153
Q13158	Q13158
Q13164	Q13164
Q13177	Q13177
Q13188	Q13188
Q13191	Q13191
Q13219	Q13219
Q13224	Q13224
Q13227	Q13227
Q13232	Q13232
Q13239	Q13239
Q13241	Q13241
Q13242	Q13242
Q13247	Q13247
Q13253	Q13253
Q13257	Q13257
Q13283	Q13283
Q13291	Q13291
Q13309	Q13309
Q13315	Q13315
Q13323	Q13323
Q13330	Q13330
Q13332	Q13332
Q13342	Q13342
Q13347	Q13347
Q13351	Q13351
Q13363	Q13363
Q13415	Q13415
Q13418	Q13418
Q13424	Q13424
Q13426	Q13426
Q13428	Q13428
Q13432	Q13432
Q13451	Q13451
Q13464	Q13464
Q13469	Q13469
Q13472	Q13472
Q13478	Q13478
Q13480	Q13480
Q13485	Q13485
Q13489	Q13489
Q13490	Q13490
Q13501	Q13501
Q13507	Q13507
Q13509	Q13509
Q13526	Q13526
Q13541	Q13541
Q13542	Q13542
Q13546	Q13546
Q13547	Q13547
Q13563	Q13563
Q13568	Q13568
Q13569	Q13569
Q13571	Q13571
Q13573	Q13573
Q13574	Q13574
Q13586	Q13586
Q13616	Q13616
Q13618	Q13618
Q13625	Q13625
Q13635	Q13635
Q13636	Q13636
Q13642	Q13642
Q13643	Q13643
Q13651	Q13651
Q13671	Q13671
Q13698	Q13698
Q13705	Q13705
Q13748	P0DPH7
Q13748	P0DPH8
Q13751	Q13751
Q13772	Q13772
Q13794	Q13794
Q13813	Q13813
Q13838	Q13838
Q13868	Q13868
Q13873	Q13873
Q13882	Q13882
Q13884	Q13884
Q13886	Q13886
Q13905	Q13905
Q13951	Q13951
Q13952	Q13952
Q13976	Q13976
Q14004	Q14004
Q14011	Q14011
Q14061	Q14061
Q14114	Q14114
Q14116	Q14116
Q14118	Q14118
Q14135	Q14135
Q14141	Q14141
Q14145	Q14145
Q14152	Q14152
Q14155	Q14155
Q14160	Q14160
Q14185	Q14185
Q14186	Q14186
Q14188	Q14188
Q14191	Q14191
Q14192	Q14192
Q14203	Q14203
Q14209	Q14209
Q14242	Q14242
Q14247	Q14247
Q14296	Q14296
Q14332	Q14332
Q14392	Q14392
Q14396	Q14396
Q14416	Q14416
Q14449	Q14449
Q14451	Q14451
Q14457	Q14457
Q14493	Q14493
Q14494	Q14494
Q14512	Q14512
Q14524	Q14524
Q14525	Q14525
Q14526	Q14526
Q14565	Q14565
Q14566	Q14566
Q14623	Q14623
Q14626	Q14626
Q14627	Q14627
Q14653	Q14653
Q14657	Q14657
Q14676	Q14676
Q14686	Q14686
Q14689	Q14689
Q14696	Q14696
Q14746	Q14746
Q14749	Q14749
Q14790	Q14790
Q14943	Q14943
Q14957	Q14957
Q14974	Q14974
Q14980	Q14980
Q14CM0	Q14CM0
Q15024	Q15024
Q15025	Q15025
Q15029	Q15029
Q15041	Q15041
Q15046	Q15046
Q15050	Q15050
Q15054	Q15054
Q15056	Q15056
Q15075	Q15075
Q15078	Q15078
Q15080	Q15080
Q15109	Q15109
Q15113	Q15113
Q15116	Q15116
Q15120	Q15120
Q15121	Q15121
Q15149	Q15149
Q15173	Q15173
Q15185	Q15185
Q15223	Q15223
Q15233	Q15233
Q15238	Q15238
Q15276	Q15276
Q15291	Q15291
Q15303	Q15303
Q15311	Q15311
Q15323	Q15323
Q15329	Q15329
Q15349	Q15349
Q15366	Q15366
Q15389	Q15389
Q15398	Q15398
Q15404	Q15404
Q15406	Q15406
Q15418	Q15418
Q15424	Q15424
Q15436	Q15436
Q15459	Q15459
Q15464	Q15464
Q15465	Q15465
Q15466	Q15466
Q15468	Q15468
Q15475	Q15475
Q15485	Q15485
Q15543	Q15543
Q15544	Q15544
Q15545	Q15545
Q15554	Q15554
Q15561	Q15561
Q15562	Q15562
Q15583	Q15583
Q15596	Q15596
Q15599	Q15599
Q155Q3	Q155Q3
Q15628	Q15628
Q15631	Q15631
Q15637	Q15637
Q15645	Q15645
Q15648	Q15648
Q15654	Q15654
Q15678	Q15678
Q15691	Q15691
Q15700	Q15700
Q15744	Q15744
Q15750	Q15750
Q15751	Q15751
Q15762	Q15762
Q15768	Q15768
Q15788	Q15788
Q15796	Q15796
Q15797	Q15797
Q15811	Q15811
Q15819	Q15819
Q15831	Q15831
Q15843	Q15843
Q15907	Q15907
Q15910	Q15910
Q15942	Q15942
Q16046	Q16046
Q16082	Q16082
Q16143	Q16143
Q16186	Q16186
Q16236	Q16236
Q16254	Q16254
Q16270	Q16270
Q16288	Q16288
Q16384	Q16384
Q16512	Q16512
Q16513	Q16513
Q16514	Q16514
Q16520	Q16520
Q16526	Q16526
Q16531	Q16531
Q16534	Q16534
Q16539	Q16539
Q16548	Q16548
Q16568	Q16568
Q16570	Q16570
Q16576	Q16576
Q16594	Q16594
Q16602	Q16602
Q16611	Q16611
Q16619	Q16619
Q16620	Q16620
Q16621	Q16621
Q16629	Q16629
Q16637	Q16637
Q16643	Q16643
Q16649	Q16649
Q16650	Q16650
Q16665	Q16665
Q16667	Q16667
Q16695	Q16695
Q16763	Q16763
Q16828	Q16828
Q16832	Q16832
Q16854	Q16854
Q16891	Q16891
Q17RD7	Q17RD7
Q1JU68	Q1JU68
Q1M168	Q1M168
Q20024	Q20024
Q20758	Q20758
Q24311	Q24311
Q24468	Q24468
Q26807	Q26807
Q28177	Q28177
Q29983	Q29983
Q2EMV9	Q2EMV9
Q2KHR2	Q2KHR2
Q2MKA7	Q2MKA7
Q2VPB7	Q2VPB7
Q2VWP7	Q2VWP7
Q2Z196	Q2Z196
Q32L40	Q32L40
Q32MZ4	Q32MZ4
Q32NU6	Q32NU6
Q38898	Q38898
Q39128	Q39128
Q3MIR4	Q3MIR4
Q3T115	Q3T115
Q3T1J5	Q3T1J5
Q3UES3	Q3UES3
Q3UMR0	Q3UMR0
Q3UPW8	Q3UPW8
Q42545	Q42545
Q43373	Q43373
Q44790	Q44790
Q495A1	Q495A1
Q495M9	Q495M9
Q49A26	Q49A26
Q49AN0	Q49AN0
Q4G050	Q4G050
Q4GWZ2	Q4GWZ2
Q4KMG0	Q4KMG0
Q504U8	Q504U8
Q505F1	Q505F1
Q53EL6	Q53EL6
Q53ET0	Q53ET0
Q53EZ4	Q53EZ4
Q53G59	Q53G59
Q53GS9	Q53GS9
Q53HL2	Q53HL2
Q53S33	Q53S33
Q548T0	Q548T0
Q549X6	Q549X6
Q562F6	Q562F6
Q567U6	Q567U6
Q56P03	Q56P03
Q587J8	Q587J8
Q58A45	Q58A45
Q58A65	Q58A65
Q58DJ8	Q58DJ8
Q58WW2	Q58WW2
Q5FBB7	Q5FBB7
Q5FWY5	Q5FWY5
Q5HYA8	Q5HYA8
Q5JST6	Q5JST6
Q5JTD0	Q5JTD0
Q5JZY3	Q5JZY3
Q5KU26	Q5KU26
Q5M9N9	Q5M9N9
Q5RKV6	Q5RKV6
Q5S007	Q5S007
Q5S3G3	Q5S3G3
Q5SJE9	Q5SJE9
Q5SNZ0	Q5SNZ0
Q5SW79	Q5SW79
Q5T1R4	Q5T1R4
Q5T2W1	Q5T2W1
Q5T3J3	Q5T3J3
Q5T4W7	Q5T4W7
Q5T6F0	Q5T6F0
Q5TA45	Q5TA45
Q5TAQ9	Q5TAQ9
Q5TD97	Q5TD97
Q5U2N4	Q5U2N4
Q5U2T9	Q5U2T9
Q5UEC5	Q5UEC5
Q5VST9	Q5VST9
Q5VSY0	Q5VSY0
Q5VV41	Q5VV41
Q5VW32	Q5VW32
Q5VWX1	Q5VWX1
Q5VY80	Q5VY80
Q5VZ18	Q5VZ18
Q5XLA6	Q5XLA6
Q5YLB2	Q5YLB2
Q60749	Q60749
Q60770	Q60770
Q60841	Q60841
Q60948	Q60948
Q60953	Q60953
Q60954	Q60954
Q60972	Q60972
Q60974	Q60974
Q61037	Q61037
Q61097	Q61097
Q61146	Q61146
Q61205	Q61205
Q61206	Q61206
Q61391	Q61391
Q61410	Q61410
Q61501	Q61501
Q61502	Q61502
Q61508	Q61508
Q61559	Q61559
Q61584	Q61584
Q61635	Q61635
Q61730	Q61730
Q61768	Q61768
Q61881	Q61881
Q61982	Q61982
Q62009	Q62009
Q62106	P05143
Q62108	Q62108
Q62120	Q62120
Q62132	Q62132
Q62219	Q62219
Q62227	Q62227
Q62312	Q62312
Q62414	Q62414
Q62424	Q62424
Q62432	Q62432
Q62523	Q62523
Q62600	Q62600
Q62725	Q62725
Q62768	Q62768
Q62824	Q62824
Q62915	Q62915
Q62936	Q62936
Q63158	A6KDM5
Q63210	Q63210
Q63666	Q63666
Q63912	Q63912
Q63HR2	Q63HR2
Q64008	Q64008
Q64092	Q64092
Q641Q2	Q641Q2
Q64289	Q64289
Q64343	Q64343
Q64701	Q64701
Q64704	Q64704
Q64729	Q64729
Q66100	Q66100
Q66H76	Q66H76
Q66HA7	Q66HA7
Q66T02	Q66T02
Q68396	Q68396
Q68CJ9	Q68CJ9
Q68CL8	Q68CL8
Q68CZ2	Q68CZ2
Q68D85	Q68D85
Q68DU8	Q68DU8
Q68DY1	Q68DY1
Q6A162	Q6A162
Q6DQH2	Q6DQH2
Q6EMB2	Q6EMB2
Q6FHM7	P05412
Q6FHY5	Q6FHY5
Q6H3X3	Q6H3X3
Q6I6G8	Q6I6G8
Q6IAW1	Q6IAW1
Q6IQ16	Q6IQ16
Q6NSJ8	Q6NSJ8
Q6NT76	Q6NT76
Q6NUQ1	Q6NUQ1
Q6NW40	Q6NW40
Q6NXK8	Q6NXK8
Q6NZ36	Q6NZ36
Q6NZY4	Q6NZY4
Q6P088	Q6P088
Q6P0Q8	Q6P0Q8
Q6P1W5	Q6P1W5
Q6P1X5	Q6P1X5
Q6P2Q9	Q6P2Q9
Q6P988	Q6P988
Q6PDY0	Q6PDY0
Q6PER3	Q6PER3
Q6PFX9	Q6PFX9
Q6PIL6	Q6PIL6
Q6PIZ9	Q6PIZ9
Q6PJ80	Q6PJ80
Q6PJG9	Q6PJG9
Q6Q0C0	Q6Q0C0
Q6Q788	Q6Q788
Q6Q7Y5	Q6Q7Y5
Q6QLM7	Q6QLM7
Q6R0H1	Q6R0H1
Q6R0H7	Q6R0H7
Q6S5L8	Q6S5L8
Q6TDP3	Q6TDP3
Q6UVM3	Q6UVM3
Q6UVW9	Q6UVW9
Q6UW88	Q6UW88
Q6UWV2	Q6UWV2
Q6UWZ7	Q6UWZ7
Q6UX01	Q6UX01
Q6UX41	Q6UX41
Q6UXB2	Q6UXB2
Q6UXK2	Q6UXK2
Q6UXL0	Q6UXL0
Q6UXT8	Q6UXT8
Q6UXV0	Q6UXV0
Q6UXZ0	Q6UXZ0
Q6UXZ3	Q6UXZ3
Q6V0I7	Q6V0I7
Q6WKZ4	Q6WKZ4
Q6Y2X3	Q6Y2X3
Q6Y5D8	Q6Y5D8
Q6Y7W6	Q6Y7W6
Q6ZMN7	Q6ZMN7
Q6ZMZ3	Q6ZMZ3
Q6ZNK6	Q6ZNK6
Q6ZNX1	Q6ZNX1
Q6ZP65	Q6ZP65
Q6ZTQ3	Q6ZTQ3
Q6ZVM7	Q6ZVM7
Q6ZVN8	Q6ZVN8
Q70SY1	Q70SY1
Q71DI3	Q71DI3
Q71U36	Q71U36
Q71VB4	Q71VB4
Q762B6	Q762B6
Q76LX8	Q76LX8
Q76MZ3	Q76MZ3
Q76N89	Q76N89
Q76RI8	Q76RI8
Q789F3	Q789F3
Q78NN4	Q78NN4
Q7JWH5	Q7JWH5
Q7KT06	Q7KT06
Q7KZ85	Q7KZ85
Q7KZF4	Q7KZF4
Q7L099	Q7L099
Q7L0Q8	Q7L0Q8
Q7L311	Q7L311
Q7L3B6	Q7L3B6
Q7L4P6	Q7L4P6
Q7L590	Q7L590
Q7L7X3	Q7L7X3
Q7L804	Q7L804
Q7LBR1	Q7LBR1
Q7LDG7	Q7LDG7
Q7M6Z0	Q7M6Z0
Q7TMS5	Q7TMS5
Q7TPV4	Q7TPV4
Q7TSA3	Q7TSA3
Q7Z2Z2	Q7Z2Z2
Q7Z3B3	Q7Z3B3
Q7Z3C6	Q7Z3C6
Q7Z3J2	Q7Z3J2
Q7Z3K3	Q7Z3K3
Q7Z3S9	Q7Z3S9
Q7Z3T8	Q7Z3T8
Q7Z417	Q7Z417
Q7Z434	Q7Z434
Q7Z494	Q7Z494
Q7Z4H7	Q7Z4H7
Q7Z4N8	Q7Z4N8
Q7Z589	Q7Z589
Q7Z591	Q7Z591
Q7Z628	Q7Z628
Q7Z6G8	Q7Z6G8
Q7Z6M1	Q7Z6M1
Q7Z6M4	Q7Z6M4
Q7ZX24	Q7ZX24
Q80824	Q80824
Q80T23	Q80T23
Q80US8	Q80US8
Q80WE1	Q80WE1
Q80X44	Q80X44
Q80YQ2	Q80YQ2
Q86SG5	Q86SG5
Q86SX6	Q86SX6
Q86T24	Q86T24
Q86U28	Q86U28
Q86U44	Q86U44
Q86UL8	Q86UL8
Q86UR1	Q86UR1
Q86UW1	Q86UW1
Q86UW9	Q86UW9
Q86V97	Q86V97
Q86VP1	Q86VP1
Q86WV1	Q86WV1
Q86XR8	Q86XR8
Q86XS5	Q86XS5
Q86Y07	Q86Y07
Q86YC2	Q86YC2
Q86YL7	Q86YL7
Q86YP4	Q86YP4
Q86Z14	Q86Z14
Q8AVZ3	Q8AVZ3
Q8AZK7	Q8AZK7
Q8BFW7	Q8BFW7
Q8BGS1	Q8BGS1
Q8BH43	Q8BH43
Q8BN78	Q8BN78
Q8BP92	Q8BP92
Q8BPB5	Q8BPB5
Q8BUN5	Q8BUN5
Q8C129	Q8C129
Q8C180	Q8C180
Q8C2B3	Q8C2B3
Q8CBD1	Q8CBD1
Q8CF89	Q8CF89
Q8CFN2	Q8CFN2
Q8CGN5	Q8CGN5
Q8CGY6	Q8CGY6
Q8CIN4	Q8CIN4
Q8CJ26	Q8CJ26
Q8HWS3	Q8HWS3
Q8HY58	Q8HY58
Q8IP45	Q8IP45
Q8IQW0	Q8IQW0
Q8IRY7	Q8IRY7
Q8IU54	Q8IU54
Q8IU57	Q8IU57
Q8IUC6	Q8IUC6
Q8IUD6	Q8IUD6
Q8IUG5	Q8IUG5
Q8IUI8	Q8IUI8
Q8IV16	Q8IV16
Q8IVG9	Q8IVG9
Q8IVU1	Q8IVU1
Q8IWJ2	Q8IWJ2
Q8IWN7	Q8IWN7
Q8IWV7	Q8IWV7
Q8IX07	Q8IX07
Q8IXW5	Q8IXW5
Q8IYA8	Q8IYA8
Q8IYD1	Q8IYD1
Q8IYS3	Q8IYS3
Q8IYU8	Q8IYU8
Q8IZP0	Q8IZP0
Q8IZQ1	Q8IZQ1
Q8IZU0	Q8IZU0
Q8IZU9	Q8IZU9
Q8IZW8	Q8IZW8
Q8K094	Q8K094
Q8K0S5	Q8K0S5
Q8K0T0	Q8K0T0
Q8K1E0	Q8K1E0
Q8K1S3	Q8K1S3
Q8K1S4	Q8K1S4
Q8K430	Q8K430
Q8K4N8	Q8K4N8
Q8L500	Q8L500
Q8N0S2	Q8N0S2
Q8N109	Q8N109
Q8N122	Q8N122
Q8N1B4	Q8N1B4
Q8N1L9	Q8N1L9
Q8N205	Q8N205
Q8N2Q7	Q8N2Q7
Q8N2W9	Q8N2W9
Q8N300	Q8N300
Q8N344	Q8N344
Q8N3F8	Q8N3F8
Q8N3R9	Q8N3R9
Q8N3U4	Q8N3U4
Q8N423	Q8N423
Q8N488	Q8N488
Q8N4S9	Q8N4S9
Q8N5F7	Q8N5F7
Q8N5H7	Q8N5H7
Q8N668	Q8N668
Q8N6C5	Q8N6C5
Q8N6L0	Q8N6L0
Q8N6P7	Q8N6P7
Q8N6Y0	Q8N6Y0
Q8N884	Q8N884
Q8NA31	Q8NA31
Q8NAP8	Q8NAP8
Q8NBI3	Q8NBI3
Q8NBP7	Q8NBP7
Q8NC06	Q8NC06
Q8ND30	Q8ND30
Q8ND90	Q8ND90
Q8NEU8	Q8NEU8
Q8NEZ5	Q8NEZ5
Q8NF50	Q8NF50
Q8NF64	Q8NF64
Q8NF91	Q8NF91
Q8NFJ9	Q8NFJ9
Q8NHM5	Q8NHM5
Q8NHP6	Q8NHP6
Q8NHQ1	Q8NHQ1
Q8NHR9	Q8NHR9
Q8NHW3	Q8NHW3
Q8NHZ8	Q8NHZ8
Q8NI22	Q8NI22
Q8NI70	Q8NI70
Q8QHK8	Q8QHK8
Q8R0K9	Q8R0K9
Q8R0L9	Q8R0L9
Q8R4G0	Q8R4G0
Q8R4I4	Q8R4I4
Q8T3B2	Q8T3B2
Q8TAE8	Q8TAE8
Q8TAK5	Q8TAK5
Q8TAP6	Q8TAP6
Q8TAT6	Q8TAT6
Q8TAU0	Q8TAU0
Q8TAX0	Q8TAX0
Q8TBC4	Q8TBC4
Q8TBX8	Q8TBX8
Q8TCT9	Q8TCT9
Q8TCU6	Q8TCU6
Q8TCZ2	Q8TCZ2
Q8TD07	Q8TD07
Q8TD10	Q8TD10
Q8TD43	Q8TD43
Q8TD84	Q8TD84
Q8TDR0	Q8TDR0
Q8TDY8	Q8TDY8
Q8TE68	Q8TE68
Q8TEK3	Q8TEK3
Q8TEQ6	Q8TEQ6
Q8TEU7	Q8TEU7
Q8TEU8	Q8TEU8
Q8TEW0	Q8TEW0
Q8TEW8	Q8TEW8
Q8TEY7	Q8TEY7
Q8TF50	Q8TF50
Q8TF62	Q8TF62
Q8UVW8	Q8UVW8
Q8VHG2	Q8VHG2
Q8VHK1	Q8VHK1
Q8VHK2	Q8VHK2
Q8VHQ7	Q8VHQ7
Q8VHZ5	Q8VHZ5
Q8VY16	Q8VY16
Q8W420	Q8W420
Q8WTS6	Q8WTS6
Q8WTW3	Q8WTW3
Q8WU20	Q8WU20
Q8WU68	Q8WU68
Q8WUF5	Q8WUF5
Q8WUM4	Q8WUM4
Q8WV16	Q8WV16
Q8WV22	Q8WV22
Q8WV28	Q8WV28
Q8WVB6	Q8WVB6
Q8WVE0	Q8WVE0
Q8WVV9	Q8WVV9
Q8WVZ9	Q8WVZ9
Q8WW76	Q8WW76
Q8WWY3	Q8WWY3
Q8WX77	Q8WX77
Q8WXD5	Q8WXD5
Q8WXD9	Q8WXD9
Q8WXE1	Q8WXE1
Q8WXE9	Q8WXE9
Q8WXF8	Q8WXF8
Q8WXG8	Q8WXG8
Q8WXH0	Q8WXH0
Q8WXW3	Q8WXW3
Q8WY21	Q8WY21
Q8WYA6	Q8WYA6
Q8WYQ5	Q8WYQ5
Q8WZ42	Q8WZ42
Q8WZ55	Q8WZ55
Q8WZ60	Q8WZ60
Q90681	Q90681
Q91783	Q91783
Q91V27	Q91V27
Q91XD2	Q91XD2
Q91YM2	Q91YM2
Q920R0	Q920R0
Q922H7	Q922H7
Q92466	Q92466
Q924H2	Q924H2
Q924X6	Q924X6
Q92529	Q92529
Q92558	Q92558
Q92569	Q92569
Q92572	Q92572
Q92574	Q92574
Q92575	Q92575
Q92583	Q92583
Q92633	Q92633
Q92673	Q92673
Q92692	Q92692
Q92698	Q92698
Q92730	Q92730
Q92731	Q92731
Q92743	Q92743
Q92769	Q92769
Q92783	Q92783
Q92784	Q92784
Q92785	Q92785
Q92786	Q92786
Q92793	Q92793
Q92796	Q92796
Q92797	Q92797
Q92831	Q92831
Q92834	Q92834
Q92835	Q92835
Q92837	Q92837
Q92843	Q92843
Q92844	Q92844
Q92845	Q92845
Q92851	Q92851
Q92859	Q92859
Q92889	Q92889
Q92890	Q92890
Q92900	Q92900
Q92905	Q92905
Q92934	Q92934
Q92956	Q92956
Q92968	Q92968
Q92973	Q92973
Q92985	Q92985
Q92990	Q92990
Q93009	Q93009
Q93034	Q93034
Q93096	Q93096
Q93WK5	Q93WK5
Q95JH1	Q95JH1
Q965M2	Q965M2
Q969E3	Q969E3
Q969F0	Q969F0
Q969F2	Q969F2
Q969G6	Q969G6
Q969G9	Q969G9
Q969J2	Q969J2
Q969L2	Q969L2
Q969Q1	Q969Q1
Q969S8	Q969S8
Q969T9	Q969T9
Q96A44	Q96A44
Q96A65	Q96A65
Q96AD5	Q96AD5
Q96AQ9	Q96AQ9
Q96AX1	Q96AX1
Q96AY2	Q96AY2
Q96B26	Q96B26
Q96B36	Q96B36
Q96B96	Q96B96
Q96B97	Q96B97
Q96BA8	Q96BA8
Q96BD6	Q96BD6
Q96BS2	Q96BS2
Q96CA5	Q96CA5
Q96CF2	Q96CF2
Q96CV9	Q96CV9
Q96CW1	Q96CW1
Q96CW9	Q96CW9
Q96D09	Q96D09
Q96D31	Q96D31
Q96D71	Q96D71
Q96EA4	Q96EA4
Q96EB6	Q96EB6
Q96EK2	Q96EK2
Q96EK5	Q96EK5
Q96EP0	Q96EP0
Q96ES7	Q96ES7
Q96EV8	Q96EV8
Q96F46	Q96F46
Q96FQ6	Q96FQ6
Q96G27	Q96G27
Q96GD4	Q96GD4
Q96HA8	Q96HA8
Q96HD9	Q96HD9
Q96HH9	Q96HH9
Q96I24	Q96I24
Q96I25	Q96I25
Q96I99	Q96I99
Q96IJ6	Q96IJ6
Q96IW2	Q96IW2
Q96IZ0	Q96IZ0
Q96J02	Q96J02
Q96J92	Q96J92
Q96J94	Q96J94
Q96JB2	Q96JB2
Q96JK2	Q96JK2
Q96JZ2	Q96JZ2
Q96KB5	Q96KB5
Q96KP1	Q96KP1
Q96KQ7	Q96KQ7
Q96L33	Q96L33
Q96L73	Q96L73
Q96L92	Q96L92
Q96LC9	Q96LC9
Q96LD8	Q96LD8
Q96LI6	Q96LI6
Q96LW7	Q96LW7
Q96MG7	Q96MG7
Q96MS0	Q96MS0
Q96MU8	Q96MU8
Q96MW5	Q96MW5
Q96NA2	Q96NA2
Q96NI6	Q96NI6
Q96NY8	Q96NY8
Q96NY9	Q96NY9
Q96NZ8	Q96NZ8
Q96P20	Q96P20
Q96PJ5	Q96PJ5
Q96PK6	Q96PK6
Q96PM5	Q96PM5
Q96PQ0	Q96PQ0
Q96PU5	Q96PU5
Q96PU8	Q96PU8
Q96PV0	Q96PV0
Q96Q05	Q96Q05
Q96QF0	Q96QF0
Q96QK1	Q96QK1
Q96QT6	Q96QT6
Q96QV1	Q96QV1
Q96QZ7	Q96QZ7
Q96R06	Q96R06
Q96RE7	Q96RE7
Q96RJ3	Q96RJ3
Q96RK0	Q96RK0
Q96RL1	Q96RL1
Q96RP3	Q96RP3
Q96RU3	Q96RU3
Q96S59	Q96S59
Q96S82	Q96S82
Q96SD1	Q96SD1
Q96ST3	Q96ST3
Q96SY0	Q96SY0
Q96T58	Q96T58
Q96T60	Q96T60
Q96TL7	Q96TL7
Q96UP3	Q96UP3
Q99081	Q99081
Q99104	Q99104
Q99259	Q99259
