source_database	source_version	evidence_role	namespace	raw_identifier	mapping_query_id	isoform_specific	mapping_status	occurrence_count
Luck2020	Nature_supplement_2020-04-08	negative_evidence	Ensembl	ENSG00000000457	ENSG00000000457	false	mapping_candidate	3
Luck2020	Nature_supplement_2020-04-08	negative_evidence	Ensembl	ENSG00000000938	ENSG00000000938	false	mapping_candidate	2
Luck2020	Nature_supplement_2020-04-08	negative_evidence	Ensembl	ENSG00000002330	ENSG00000002330	false	mapping_candidate	6
Luck2020	Nature_supplement_2020-04-08	negative_evidence	Ensembl	ENSG00000003756	ENSG00000003756	false	mapping_candidate	3
Luck2020	Nature_supplement_2020-04-08	negative_evidence	Ensembl	ENSG00000004142	ENSG00000004142	false	mapping_candidate	3
Luck2020	Nature_supplement_2020-04-08	negative_evidence	Ensembl	ENSG00000004534	ENSG00000004534	false	mapping_candidate	2
Luck2020	Nature_supplement_2020-04-08	negative_evidence	Ensembl	ENSG00000004660	ENSG00000004660	false	mapping_candidate	3
Luck2020	Nature_supplement_2020-04-08	negative_evidence	Ensembl	ENSG00000004846	ENSG00000004846	false	mapping_candidate	2
Luck2020	Nature_supplement_2020-04-08	negative_evidence	Ensembl	ENSG00000005801	ENSG00000005801	false	mapping_candidate	1
Luck2020	Nature_supplement_2020-04-08	negative_evidence	Ensembl	ENSG00000005893	ENSG00000005893	false	mapping_candidate	3
Luck2020	Nature_supplement_2020-04-08	negative_evidence	Ensembl	ENSG00000006128	ENSG00000006128	false	mapping_candidate	3
Luck2020	Nature_supplement_2020-04-08	negative_evidence	Ensembl	ENSG00000006534	ENSG00000006534	false	mapping_candidate	3
Luck2020	Nature_supplement_2020-04-08	negative_evidence	Ensembl	ENSG00000006659	ENSG00000006659	false	mapping_candidate	4
Luck2020	Nature_supplement_2020-04-08	negative_evidence	Ensembl	ENSG00000008517	ENSG00000008517	false	mapping_candidate	3
Luck2020	Nature_supplement_2020-04-08	negative_evidence	Ensembl	ENSG00000010319	ENSG00000010319	false	mapping_candidate	2
Luck2020	Nature_supplement_2020-04-08	negative_evidence	Ensembl	ENSG00000010379	ENSG00000010379	false	mapping_candidate	2
Luck2020	Nature_supplement_2020-04-08	negative_evidence	Ensembl	ENSG00000019102	ENSG00000019102	false	mapping_candidate	3
Luck2020	Nature_supplement_2020-04-08	negative_evidence	Ensembl	ENSG00000019169	ENSG00000019169	false	mapping_candidate	6
Luck2020	Nature_supplement_2020-04-08	negative_evidence	Ensembl	ENSG00000020426	ENSG00000020426	false	mapping_candidate	6
Luck2020	Nature_supplement_2020-04-08	negative_evidence	Ensembl	ENSG00000026103	ENSG00000026103	false	mapping_candidate	4
Luck2020	Nature_supplement_2020-04-08	negative_evidence	Ensembl	ENSG00000033011	ENSG00000033011	false	mapping_candidate	1
Luck2020	Nature_supplement_2020-04-08	negative_evidence	Ensembl	ENSG00000034152	ENSG00000034152	false	mapping_candidate	1
Luck2020	Nature_supplement_2020-04-08	negative_evidence	Ensembl	ENSG00000035115	ENSG00000035115	false	mapping_candidate	5
Luck2020	Nature_supplement_2020-04-08	negative_evidence	Ensembl	ENSG00000037474	ENSG00000037474	false	mapping_candidate	2
Luck2020	Nature_supplement_2020-04-08	negative_evidence	Ensembl	ENSG00000043514	ENSG00000043514	false	mapping_candidate	3
Luck2020	Nature_supplement_2020-04-08	negative_evidence	Ensembl	ENSG00000048162	ENSG00000048162	false	mapping_candidate	3
Luck2020	Nature_supplement_2020-04-08	negative_evidence	Ensembl	ENSG00000050327	ENSG00000050327	false	mapping_candidate	2
Luck2020	Nature_supplement_2020-04-08	negative_evidence	Ensembl	ENSG00000050344	ENSG00000050344	false	mapping_candidate	5
Luck2020	Nature_supplement_2020-04-08	negative_evidence	Ensembl	ENSG00000052749	ENSG00000052749	false	mapping_candidate	2
Luck2020	Nature_supplement_2020-04-08	negative_evidence	Ensembl	ENSG00000054116	ENSG00000054116	false	mapping_candidate	2
Luck2020	Nature_supplement_2020-04-08	negative_evidence	Ensembl	ENSG00000054967	ENSG00000054967	false	mapping_candidate	1
Luck2020	Nature_supplement_2020-04-08	negative_evidence	Ensembl	ENSG00000055070	ENSG00000055070	false	mapping_candidate	3
Luck2020	Nature_supplement_2020-04-08	negative_evidence	Ensembl	ENSG00000055208	ENSG00000055208	false	mapping_candidate	2
Luck2020	Nature_supplement_2020-04-08	negative_evidence	Ensembl	ENSG00000056487	ENSG00000056487	false	mapping_candidate	6
Luck2020	Nature_supplement_2020-04-08	negative_evidence	Ensembl	ENSG00000057149	ENSG00000057149	false	mapping_candidate	3
Luck2020	Nature_supplement_2020-04-08	negative_evidence	Ensembl	ENSG00000058404	ENSG00000058404	false	mapping_candidate	2
Luck2020	Nature_supplement_2020-04-08	negative_evidence	Ensembl	ENSG00000062822	ENSG00000062822	false	mapping_candidate	2
Luck2020	Nature_supplement_2020-04-08	negative_evidence	Ensembl	ENSG00000064763	ENSG00000064763	false	mapping_candidate	3
Luck2020	Nature_supplement_2020-04-08	negative_evidence	Ensembl	ENSG00000065328	ENSG00000065328	false	mapping_candidate	3
Luck2020	Nature_supplement_2020-04-08	negative_evidence	Ensembl	ENSG00000065361	ENSG00000065361	false	mapping_candidate	2
Luck2020	Nature_supplement_2020-04-08	negative_evidence	Ensembl	ENSG00000065911	ENSG00000065911	false	mapping_candidate	2
Luck2020	Nature_supplement_2020-04-08	negative_evidence	Ensembl	ENSG00000066117	ENSG00000066117	false	mapping_candidate	2
Luck2020	Nature_supplement_2020-04-08	negative_evidence	Ensembl	ENSG00000066336	ENSG00000066336	false	mapping_candidate	2
Luck2020	Nature_supplement_2020-04-08	negative_evidence	Ensembl	ENSG00000066855	ENSG00000066855	false	mapping_candidate	3
Luck2020	Nature_supplement_2020-04-08	negative_evidence	Ensembl	ENSG00000066923	ENSG00000066923	false	mapping_candidate	3
Luck2020	Nature_supplement_2020-04-08	negative_evidence	Ensembl	ENSG00000067177	ENSG00000067177	false	mapping_candidate	3
Luck2020	Nature_supplement_2020-04-08	negative_evidence	Ensembl	ENSG00000067560	ENSG00000067560	false	mapping_candidate	2
Luck2020	Nature_supplement_2020-04-08	negative_evidence	Ensembl	ENSG00000067606	ENSG00000067606	false	mapping_candidate	3
Luck2020	Nature_supplement_2020-04-08	negative_evidence	Ensembl	ENSG00000067955	ENSG00000067955	false	mapping_candidate	5
Luck2020	Nature_supplement_2020-04-08	negative_evidence	Ensembl	ENSG00000068697	ENSG00000068697	false	mapping_candidate	3
Luck2020	Nature_supplement_2020-04-08	negative_evidence	Ensembl	ENSG00000069206	ENSG00000069206	false	mapping_candidate	3
Luck2020	Nature_supplement_2020-04-08	negative_evidence	Ensembl	ENSG00000069493	ENSG00000069493	false	mapping_candidate	6
Luck2020	Nature_supplement_2020-04-08	negative_evidence	Ensembl	ENSG00000069535	ENSG00000069535	false	mapping_candidate	6
Luck2020	Nature_supplement_2020-04-08	negative_evidence	Ensembl	ENSG00000070882	ENSG00000070882	false	mapping_candidate	2
Luck2020	Nature_supplement_2020-04-08	negative_evidence	Ensembl	ENSG00000072041	ENSG00000072041	false	mapping_candidate	3
Luck2020	Nature_supplement_2020-04-08	negative_evidence	Ensembl	ENSG00000073060	ENSG00000073060	false	mapping_candidate	6
Luck2020	Nature_supplement_2020-04-08	negative_evidence	Ensembl	ENSG00000073578	ENSG00000073578	false	mapping_candidate	3
Luck2020	Nature_supplement_2020-04-08	negative_evidence	Ensembl	ENSG00000073754	ENSG00000073754	false	mapping_candidate	2
Luck2020	Nature_supplement_2020-04-08	negative_evidence	Ensembl	ENSG00000075188	ENSG00000075188	false	mapping_candidate	3
Luck2020	Nature_supplement_2020-04-08	negative_evidence	Ensembl	ENSG00000077157	ENSG00000077157	false	mapping_candidate	6
Luck2020	Nature_supplement_2020-04-08	negative_evidence	Ensembl	ENSG00000078043	ENSG00000078043	false	mapping_candidate	3
Luck2020	Nature_supplement_2020-04-08	negative_evidence	Ensembl	ENSG00000078070	ENSG00000078070	false	mapping_candidate	6
Luck2020	Nature_supplement_2020-04-08	negative_evidence	Ensembl	ENSG00000078596	ENSG00000078596	false	mapping_candidate	1
Luck2020	Nature_supplement_2020-04-08	negative_evidence	Ensembl	ENSG00000079393	ENSG00000079393	false	mapping_candidate	2
Luck2020	Nature_supplement_2020-04-08	negative_evidence	Ensembl	ENSG00000083454	ENSG00000083454	false	mapping_candidate	3
Luck2020	Nature_supplement_2020-04-08	negative_evidence	Ensembl	ENSG00000085514	ENSG00000085514	false	mapping_candidate	2
Luck2020	Nature_supplement_2020-04-08	negative_evidence	Ensembl	ENSG00000086061	ENSG00000086061	false	mapping_candidate	6
Luck2020	Nature_supplement_2020-04-08	negative_evidence	Ensembl	ENSG00000086289	ENSG00000086289	false	mapping_candidate	2
Luck2020	Nature_supplement_2020-04-08	negative_evidence	Ensembl	ENSG00000087053	ENSG00000087053	false	mapping_candidate	3
Luck2020	Nature_supplement_2020-04-08	negative_evidence	Ensembl	ENSG00000087263	ENSG00000087263	false	mapping_candidate	2
Luck2020	Nature_supplement_2020-04-08	negative_evidence	Ensembl	ENSG00000088881	ENSG00000088881	false	mapping_candidate	2
Luck2020	Nature_supplement_2020-04-08	negative_evidence	Ensembl	ENSG00000089050	ENSG00000089050	false	mapping_candidate	2
Luck2020	Nature_supplement_2020-04-08	negative_evidence	Ensembl	ENSG00000089327	ENSG00000089327	false	mapping_candidate	3
Luck2020	Nature_supplement_2020-04-08	negative_evidence	Ensembl	ENSG00000089775	ENSG00000089775	false	mapping_candidate	6
Luck2020	Nature_supplement_2020-04-08	negative_evidence	Ensembl	ENSG00000090447	ENSG00000090447	false	mapping_candidate	5
Luck2020	Nature_supplement_2020-04-08	negative_evidence	Ensembl	ENSG00000090989	ENSG00000090989	false	mapping_candidate	2
Luck2020	Nature_supplement_2020-04-08	negative_evidence	Ensembl	ENSG00000091527	ENSG00000091527	false	mapping_candidate	2
Luck2020	Nature_supplement_2020-04-08	negative_evidence	Ensembl	ENSG00000091542	ENSG00000091542	false	mapping_candidate	2
Luck2020	Nature_supplement_2020-04-08	negative_evidence	Ensembl	ENSG00000091732	ENSG00000091732	false	mapping_candidate	6
Luck2020	Nature_supplement_2020-04-08	negative_evidence	Ensembl	ENSG00000092094	ENSG00000092094	false	mapping_candidate	1
Luck2020	Nature_supplement_2020-04-08	negative_evidence	Ensembl	ENSG00000092445	ENSG00000092445	false	mapping_candidate	3
Luck2020	Nature_supplement_2020-04-08	negative_evidence	Ensembl	ENSG00000092470	ENSG00000092470	false	mapping_candidate	3
Luck2020	Nature_supplement_2020-04-08	negative_evidence	Ensembl	ENSG00000092847	ENSG00000092847	false	mapping_candidate	3
Luck2020	Nature_supplement_2020-04-08	negative_evidence	Ensembl	ENSG00000093183	ENSG00000093183	false	mapping_candidate	4
Luck2020	Nature_supplement_2020-04-08	negative_evidence	Ensembl	ENSG00000095261	ENSG00000095261	false	mapping_candidate	11
Luck2020	Nature_supplement_2020-04-08	negative_evidence	Ensembl	ENSG00000095485	ENSG00000095485	false	mapping_candidate	6
Luck2020	Nature_supplement_2020-04-08	negative_evidence	Ensembl	ENSG00000096696	ENSG00000096696	false	mapping_candidate	2
Luck2020	Nature_supplement_2020-04-08	negative_evidence	Ensembl	ENSG00000099284	ENSG00000099284	false	mapping_candidate	3
Luck2020	Nature_supplement_2020-04-08	negative_evidence	Ensembl	ENSG00000099326	ENSG00000099326	false	mapping_candidate	2
Luck2020	Nature_supplement_2020-04-08	negative_evidence	Ensembl	ENSG00000099783	ENSG00000099783	false	mapping_candidate	3
Luck2020	Nature_supplement_2020-04-08	negative_evidence	Ensembl	ENSG00000099940	ENSG00000099940	false	mapping_candidate	1
Luck2020	Nature_supplement_2020-04-08	negative_evidence	Ensembl	ENSG00000099985	ENSG00000099985	false	mapping_candidate	6
Luck2020	Nature_supplement_2020-04-08	negative_evidence	Ensembl	ENSG00000099995	ENSG00000099995	false	mapping_candidate	3
Luck2020	Nature_supplement_2020-04-08	negative_evidence	Ensembl	ENSG00000100055	ENSG00000100055	false	mapping_candidate	1
Luck2020	Nature_supplement_2020-04-08	negative_evidence	Ensembl	ENSG00000100060	ENSG00000100060	false	mapping_candidate	3
Luck2020	Nature_supplement_2020-04-08	negative_evidence	Ensembl	ENSG00000100139	ENSG00000100139	false	mapping_candidate	2
Luck2020	Nature_supplement_2020-04-08	negative_evidence	Ensembl	ENSG00000100242	ENSG00000100242	false	mapping_candidate	2
Luck2020	Nature_supplement_2020-04-08	negative_evidence	Ensembl	ENSG00000100284	ENSG00000100284	false	mapping_candidate	2
Luck2020	Nature_supplement_2020-04-08	negative_evidence	Ensembl	ENSG00000100299	ENSG00000100299	false	mapping_candidate	5
Luck2020	Nature_supplement_2020-04-08	negative_evidence	Ensembl	ENSG00000100321	ENSG00000100321	false	mapping_candidate	1
Luck2020	Nature_supplement_2020-04-08	negative_evidence	Ensembl	ENSG00000100335	ENSG00000100335	false	mapping_candidate	6
Luck2020	Nature_supplement_2020-04-08	negative_evidence	Ensembl	ENSG00000100360	ENSG00000100360	false	mapping_candidate	5
Luck2020	Nature_supplement_2020-04-08	negative_evidence	Ensembl	ENSG00000100387	ENSG00000100387	false	mapping_candidate	3
Luck2020	Nature_supplement_2020-04-08	negative_evidence	Ensembl	ENSG00000100395	ENSG00000100395	false	mapping_candidate	6
Luck2020	Nature_supplement_2020-04-08	negative_evidence	Ensembl	ENSG00000100442	ENSG00000100442	false	mapping_candidate	6
Luck2020	Nature_supplement_2020-04-08	negative_evidence	Ensembl	ENSG00000100554	ENSG00000100554	false	mapping_candidate	6
Luck2020	Nature_supplement_2020-04-08	negative_evidence	Ensembl	ENSG00000100577	ENSG00000100577	false	mapping_candidate	6
Luck2020	Nature_supplement_2020-04-08	negative_evidence	Ensembl	ENSG00000100605	ENSG00000100605	false	mapping_candidate	6
Luck2020	Nature_supplement_2020-04-08	negative_evidence	Ensembl	ENSG00000100625	ENSG00000100625	false	mapping_candidate	3
Luck2020	Nature_supplement_2020-04-08	negative_evidence	Ensembl	ENSG00000100647	ENSG00000100647	false	mapping_candidate	3
Luck2020	Nature_supplement_2020-04-08	negative_evidence	Ensembl	ENSG00000100804	ENSG00000100804	false	mapping_candidate	3
Luck2020	Nature_supplement_2020-04-08	negative_evidence	Ensembl	ENSG00000100883	ENSG00000100883	false	mapping_candidate	2
Luck2020	Nature_supplement_2020-04-08	negative_evidence	Ensembl	ENSG00000101057	ENSG00000101057	false	mapping_candidate	3
Luck2020	Nature_supplement_2020-04-08	negative_evidence	Ensembl	ENSG00000101152	ENSG00000101152	false	mapping_candidate	2
Luck2020	Nature_supplement_2020-04-08	negative_evidence	Ensembl	ENSG00000101417	ENSG00000101417	false	mapping_candidate	2
Luck2020	Nature_supplement_2020-04-08	negative_evidence	Ensembl	ENSG00000101938	ENSG00000101938	false	mapping_candidate	6
Luck2020	Nature_supplement_2020-04-08	negative_evidence	Ensembl	ENSG00000101955	ENSG00000101955	false	mapping_candidate	3
Luck2020	Nature_supplement_2020-04-08	negative_evidence	Ensembl	ENSG00000102100	ENSG00000102100	false	mapping_candidate	2
Luck2020	Nature_supplement_2020-04-08	negative_evidence	Ensembl	ENSG00000102119	ENSG00000102119	false	mapping_candidate	3
Luck2020	Nature_supplement_2020-04-08	negative_evidence	Ensembl	ENSG00000102218	ENSG00000102218	false	mapping_candidate	2
Luck2020	Nature_supplement_2020-04-08	negative_evidence	Ensembl	ENSG00000102317	ENSG00000102317	false	mapping_candidate	3
Luck2020	Nature_supplement_2020-04-08	negative_evidence	Ensembl	ENSG00000102974	ENSG00000102974	false	mapping_candidate	6
Luck2020	Nature_supplement_2020-04-08	negative_evidence	Ensembl	ENSG00000103197	ENSG00000103197	false	mapping_candidate	3
Luck2020	Nature_supplement_2020-04-08	negative_evidence	Ensembl	ENSG00000103275	ENSG00000103275	false	mapping_candidate	2
Luck2020	Nature_supplement_2020-04-08	negative_evidence	Ensembl	ENSG00000103653	ENSG00000103653	false	mapping_candidate	3
Luck2020	Nature_supplement_2020-04-08	negative_evidence	Ensembl	ENSG00000103852	ENSG00000103852	false	mapping_candidate	2
Luck2020	Nature_supplement_2020-04-08	negative_evidence	Ensembl	ENSG00000104064	ENSG00000104064	false	mapping_candidate	3
Luck2020	Nature_supplement_2020-04-08	negative_evidence	Ensembl	ENSG00000104267	ENSG00000104267	false	mapping_candidate	6
Luck2020	Nature_supplement_2020-04-08	negative_evidence	Ensembl	ENSG00000104442	ENSG00000104442	false	mapping_candidate	3
Luck2020	Nature_supplement_2020-04-08	negative_evidence	Ensembl	ENSG00000104635	ENSG00000104635	false	mapping_candidate	3
Luck2020	Nature_supplement_2020-04-08	negative_evidence	Ensembl	ENSG00000104671	ENSG00000104671	false	mapping_candidate	3
Luck2020	Nature_supplement_2020-04-08	negative_evidence	Ensembl	ENSG00000104825	ENSG00000104825	false	mapping_candidate	3
Luck2020	Nature_supplement_2020-04-08	negative_evidence	Ensembl	ENSG00000104853	ENSG00000104853	false	mapping_candidate	6
Luck2020	Nature_supplement_2020-04-08	negative_evidence	Ensembl	ENSG00000104915	ENSG00000104915	false	mapping_candidate	2
Luck2020	Nature_supplement_2020-04-08	negative_evidence	Ensembl	ENSG00000105223	ENSG00000105223	false	mapping_candidate	3
Luck2020	Nature_supplement_2020-04-08	negative_evidence	Ensembl	ENSG00000105364	ENSG00000105364	false	mapping_candidate	3
Luck2020	Nature_supplement_2020-04-08	negative_evidence	Ensembl	ENSG00000105393	ENSG00000105393	false	mapping_candidate	2
Luck2020	Nature_supplement_2020-04-08	negative_evidence	Ensembl	ENSG00000105426	ENSG00000105426	false	mapping_candidate	6
Luck2020	Nature_supplement_2020-04-08	negative_evidence	Ensembl	ENSG00000105618	ENSG00000105618	false	mapping_candidate	2
Luck2020	Nature_supplement_2020-04-08	negative_evidence	Ensembl	ENSG00000105639	ENSG00000105639	false	mapping_candidate	6
Luck2020	Nature_supplement_2020-04-08	negative_evidence	Ensembl	ENSG00000105668	ENSG00000105668	false	mapping_candidate	3
Luck2020	Nature_supplement_2020-04-08	negative_evidence	Ensembl	ENSG00000105829	ENSG00000105829	false	mapping_candidate	2
Luck2020	Nature_supplement_2020-04-08	negative_evidence	Ensembl	ENSG00000105894	ENSG00000105894	false	mapping_candidate	2
Luck2020	Nature_supplement_2020-04-08	negative_evidence	Ensembl	ENSG00000105971	ENSG00000105971	false	mapping_candidate	2
Luck2020	Nature_supplement_2020-04-08	negative_evidence	Ensembl	ENSG00000106066	ENSG00000106066	false	mapping_candidate	2
Luck2020	Nature_supplement_2020-04-08	negative_evidence	Ensembl	ENSG00000106077	ENSG00000106077	false	mapping_candidate	3
Luck2020	Nature_supplement_2020-04-08	negative_evidence	Ensembl	ENSG00000106258	ENSG00000106258	false	mapping_candidate	3
Luck2020	Nature_supplement_2020-04-08	negative_evidence	Ensembl	ENSG00000106609	ENSG00000106609	false	mapping_candidate	4
Luck2020	Nature_supplement_2020-04-08	negative_evidence	Ensembl	ENSG00000106692	ENSG00000106692	false	mapping_candidate	3
Luck2020	Nature_supplement_2020-04-08	negative_evidence	Ensembl	ENSG00000106823	ENSG00000106823	false	mapping_candidate	2
Luck2020	Nature_supplement_2020-04-08	negative_evidence	Ensembl	ENSG00000107165	ENSG00000107165	false	mapping_candidate	2
Luck2020	Nature_supplement_2020-04-08	negative_evidence	Ensembl	ENSG00000107281	ENSG00000107281	false	mapping_candidate	6
Luck2020	Nature_supplement_2020-04-08	negative_evidence	Ensembl	ENSG00000107882	ENSG00000107882	false	mapping_candidate	1
Luck2020	Nature_supplement_2020-04-08	negative_evidence	Ensembl	ENSG00000108039	ENSG00000108039	false	mapping_candidate	2
Luck2020	Nature_supplement_2020-04-08	negative_evidence	Ensembl	ENSG00000108091	ENSG00000108091	false	mapping_candidate	4
Luck2020	Nature_supplement_2020-04-08	negative_evidence	Ensembl	ENSG00000108298	ENSG00000108298	false	mapping_candidate	3
Luck2020	Nature_supplement_2020-04-08	negative_evidence	Ensembl	ENSG00000108479	ENSG00000108479	false	mapping_candidate	6
Luck2020	Nature_supplement_2020-04-08	negative_evidence	Ensembl	ENSG00000108604	ENSG00000108604	false	mapping_candidate	6
Luck2020	Nature_supplement_2020-04-08	negative_evidence	Ensembl	ENSG00000108963	ENSG00000108963	false	mapping_candidate	3
Luck2020	Nature_supplement_2020-04-08	negative_evidence	Ensembl	ENSG00000109016	ENSG00000109016	false	mapping_candidate	3
Luck2020	Nature_supplement_2020-04-08	negative_evidence	Ensembl	ENSG00000109113	ENSG00000109113	false	mapping_candidate	2
Luck2020	Nature_supplement_2020-04-08	negative_evidence	Ensembl	ENSG00000109205	ENSG00000109205	false	mapping_candidate	2
Luck2020	Nature_supplement_2020-04-08	negative_evidence	Ensembl	ENSG00000109670	ENSG00000109670	false	mapping_candidate	2
Luck2020	Nature_supplement_2020-04-08	negative_evidence	Ensembl	ENSG00000109771	ENSG00000109771	false	mapping_candidate	2
Luck2020	Nature_supplement_2020-04-08	negative_evidence	Ensembl	ENSG00000109794	ENSG00000109794	false	mapping_candidate	2
Luck2020	Nature_supplement_2020-04-08	negative_evidence	Ensembl	ENSG00000110047	ENSG00000110047	false	mapping_candidate	2
Luck2020	Nature_supplement_2020-04-08	negative_evidence	Ensembl	ENSG00000110400	ENSG00000110400	false	mapping_candidate	3
Luck2020	Nature_supplement_2020-04-08	negative_evidence	Ensembl	ENSG00000110651	ENSG00000110651	false	mapping_candidate	6
Luck2020	Nature_supplement_2020-04-08	negative_evidence	Ensembl	ENSG00000110697	ENSG00000110697	false	mapping_candidate	1
Luck2020	Nature_supplement_2020-04-08	negative_evidence	Ensembl	ENSG00000110801	ENSG00000110801	false	mapping_candidate	1
Luck2020	Nature_supplement_2020-04-08	negative_evidence	Ensembl	ENSG00000110881	ENSG00000110881	false	mapping_candidate	4
Luck2020	Nature_supplement_2020-04-08	negative_evidence	Ensembl	ENSG00000110958	ENSG00000110958	false	mapping_candidate	3
Luck2020	Nature_supplement_2020-04-08	negative_evidence	Ensembl	ENSG00000110987	ENSG00000110987	false	mapping_candidate	3
Luck2020	Nature_supplement_2020-04-08	negative_evidence	Ensembl	ENSG00000111012	ENSG00000111012	false	mapping_candidate	3
Luck2020	Nature_supplement_2020-04-08	negative_evidence	Ensembl	ENSG00000111186	ENSG00000111186	false	mapping_candidate	2
Luck2020	Nature_supplement_2020-04-08	negative_evidence	Ensembl	ENSG00000111224	ENSG00000111224	false	mapping_candidate	2
Luck2020	Nature_supplement_2020-04-08	negative_evidence	Ensembl	ENSG00000111321	ENSG00000111321	false	mapping_candidate	3
Luck2020	Nature_supplement_2020-04-08	negative_evidence	Ensembl	ENSG00000111605	ENSG00000111605	false	mapping_candidate	2
Luck2020	Nature_supplement_2020-04-08	negative_evidence	Ensembl	ENSG00000111641	ENSG00000111641	false	mapping_candidate	2
Luck2020	Nature_supplement_2020-04-08	negative_evidence	Ensembl	ENSG00000111843	ENSG00000111843	false	mapping_candidate	3
Luck2020	Nature_supplement_2020-04-08	negative_evidence	Ensembl	ENSG00000112175	ENSG00000112175	false	mapping_candidate	6
Luck2020	Nature_supplement_2020-04-08	negative_evidence	Ensembl	ENSG00000112210	ENSG00000112210	false	mapping_candidate	2
Luck2020	Nature_supplement_2020-04-08	negative_evidence	Ensembl	ENSG00000112539	ENSG00000112539	false	mapping_candidate	2
Luck2020	Nature_supplement_2020-04-08	negative_evidence	Ensembl	ENSG00000113387	ENSG00000113387	false	mapping_candidate	1
Luck2020	Nature_supplement_2020-04-08	negative_evidence	Ensembl	ENSG00000113532	ENSG00000113532	false	mapping_candidate	5
Luck2020	Nature_supplement_2020-04-08	negative_evidence	Ensembl	ENSG00000113558	ENSG00000113558	false	mapping_candidate	2
Luck2020	Nature_supplement_2020-04-08	negative_evidence	Ensembl	ENSG00000113758	ENSG00000113758	false	mapping_candidate	5
Luck2020	Nature_supplement_2020-04-08	negative_evidence	Ensembl	ENSG00000114346	ENSG00000114346	false	mapping_candidate	3
Luck2020	Nature_supplement_2020-04-08	negative_evidence	Ensembl	ENSG00000114416	ENSG00000114416	false	mapping_candidate	2
Luck2020	Nature_supplement_2020-04-08	negative_evidence	Ensembl	ENSG00000114646	ENSG00000114646	false	mapping_candidate	3
Luck2020	Nature_supplement_2020-04-08	negative_evidence	Ensembl	ENSG00000115159	ENSG00000115159	false	mapping_candidate	6
Luck2020	Nature_supplement_2020-04-08	negative_evidence	Ensembl	ENSG00000115170	ENSG00000115170	false	mapping_candidate	6
Luck2020	Nature_supplement_2020-04-08	negative_evidence	Ensembl	ENSG00000115226	ENSG00000115226	false	mapping_candidate	3
Luck2020	Nature_supplement_2020-04-08	negative_evidence	Ensembl	ENSG00000115263	ENSG00000115263	false	mapping_candidate	3
Luck2020	Nature_supplement_2020-04-08	negative_evidence	Ensembl	ENSG00000115289	ENSG00000115289	false	mapping_candidate	2
Luck2020	Nature_supplement_2020-04-08	negative_evidence	Ensembl	ENSG00000115392	ENSG00000115392	false	mapping_candidate	2
Luck2020	Nature_supplement_2020-04-08	negative_evidence	Ensembl	ENSG00000115694	ENSG00000115694	false	mapping_candidate	4
Luck2020	Nature_supplement_2020-04-08	negative_evidence	Ensembl	ENSG00000115808	ENSG00000115808	false	mapping_candidate	2
Luck2020	Nature_supplement_2020-04-08	negative_evidence	Ensembl	ENSG00000116005	ENSG00000116005	false	mapping_candidate	2
Luck2020	Nature_supplement_2020-04-08	negative_evidence	Ensembl	ENSG00000116062	ENSG00000116062	false	mapping_candidate	2
Luck2020	Nature_supplement_2020-04-08	negative_evidence	Ensembl	ENSG00000116141	ENSG00000116141	false	mapping_candidate	2
Luck2020	Nature_supplement_2020-04-08	negative_evidence	Ensembl	ENSG00000116329	ENSG00000116329	false	mapping_candidate	3
Luck2020	Nature_supplement_2020-04-08	negative_evidence	Ensembl	ENSG00000116525	ENSG00000116525	false	mapping_candidate	2
Luck2020	Nature_supplement_2020-04-08	negative_evidence	Ensembl	ENSG00000116691	ENSG00000116691	false	mapping_candidate	6
Luck2020	Nature_supplement_2020-04-08	negative_evidence	Ensembl	ENSG00000116809	ENSG00000116809	false	mapping_candidate	3
Luck2020	Nature_supplement_2020-04-08	negative_evidence	Ensembl	ENSG00000116830	ENSG00000116830	false	mapping_candidate	3
Luck2020	Nature_supplement_2020-04-08	negative_evidence	Ensembl	ENSG00000116983	ENSG00000116983	false	mapping_candidate	6
Luck2020	Nature_supplement_2020-04-08	negative_evidence	Ensembl	ENSG00000117010	ENSG00000117010	false	mapping_candidate	3
Luck2020	Nature_supplement_2020-04-08	negative_evidence	Ensembl	ENSG00000117266	ENSG00000117266	false	mapping_candidate	2
Luck2020	Nature_supplement_2020-04-08	negative_evidence	Ensembl	ENSG00000117281	ENSG00000117281	false	mapping_candidate	3
Luck2020	Nature_supplement_2020-04-08	negative_evidence	Ensembl	ENSG00000117308	ENSG00000117308	false	mapping_candidate	2
Luck2020	Nature_supplement_2020-04-08	negative_evidence	Ensembl	ENSG00000117385	ENSG00000117385	false	mapping_candidate	2
Luck2020	Nature_supplement_2020-04-08	negative_evidence	Ensembl	ENSG00000117475	ENSG00000117475	false	mapping_candidate	2
Luck2020	Nature_supplement_2020-04-08	negative_evidence	Ensembl	ENSG00000117586	ENSG00000117586	false	mapping_candidate	2
Luck2020	Nature_supplement_2020-04-08	negative_evidence	Ensembl	ENSG00000117682	ENSG00000117682	false	mapping_candidate	2
Luck2020	Nature_supplement_2020-04-08	negative_evidence	Ensembl	ENSG00000118113	ENSG00000118113	false	mapping_candidate	2
Luck2020	Nature_supplement_2020-04-08	negative_evidence	Ensembl	ENSG00000118260	ENSG00000118260	false	mapping_candidate	2
Luck2020	Nature_supplement_2020-04-08	negative_evidence	Ensembl	ENSG00000118298	ENSG00000118298	false	mapping_candidate	2
Luck2020	Nature_supplement_2020-04-08	negative_evidence	Ensembl	ENSG00000118495	ENSG00000118495	false	mapping_candidate	3
Luck2020	Nature_supplement_2020-04-08	negative_evidence	Ensembl	ENSG00000118514	ENSG00000118514	false	mapping_candidate	2
Luck2020	Nature_supplement_2020-04-08	negative_evidence	Ensembl	ENSG00000118894	ENSG00000118894	false	mapping_candidate	2
Luck2020	Nature_supplement_2020-04-08	negative_evidence	Ensembl	ENSG00000118961	ENSG00000118961	false	mapping_candidate	2
Luck2020	Nature_supplement_2020-04-08	negative_evidence	Ensembl	ENSG00000119285	ENSG00000119285	false	mapping_candidate	3
Luck2020	Nature_supplement_2020-04-08	negative_evidence	Ensembl	ENSG00000119414	ENSG00000119414	false	mapping_candidate	5
Luck2020	Nature_supplement_2020-04-08	negative_evidence	Ensembl	ENSG00000119471	ENSG00000119471	false	mapping_candidate	2
Luck2020	Nature_supplement_2020-04-08	negative_evidence	Ensembl	ENSG00000119574	ENSG00000119574	false	mapping_candidate	2
Luck2020	Nature_supplement_2020-04-08	negative_evidence	Ensembl	ENSG00000119636	ENSG00000119636	false	mapping_candidate	3
Luck2020	Nature_supplement_2020-04-08	negative_evidence	Ensembl	ENSG00000119655	ENSG00000119655	false	mapping_candidate	6
Luck2020	Nature_supplement_2020-04-08	negative_evidence	Ensembl	ENSG00000119737	ENSG00000119737	false	mapping_candidate	3
Luck2020	Nature_supplement_2020-04-08	negative_evidence	Ensembl	ENSG00000119878	ENSG00000119878	false	mapping_candidate	6
Luck2020	Nature_supplement_2020-04-08	negative_evidence	Ensembl	ENSG00000119917	ENSG00000119917	false	mapping_candidate	2
Luck2020	Nature_supplement_2020-04-08	negative_evidence	Ensembl	ENSG00000120008	ENSG00000120008	false	mapping_candidate	3
Luck2020	Nature_supplement_2020-04-08	negative_evidence	Ensembl	ENSG00000120071	ENSG00000120071	false	mapping_candidate	3
Luck2020	Nature_supplement_2020-04-08	negative_evidence	Ensembl	ENSG00000120563	ENSG00000120563	false	mapping_candidate	2
Luck2020	Nature_supplement_2020-04-08	negative_evidence	Ensembl	ENSG00000120658	ENSG00000120658	false	mapping_candidate	3
Luck2020	Nature_supplement_2020-04-08	negative_evidence	Ensembl	ENSG00000121075	ENSG00000121075	false	mapping_candidate	2
Luck2020	Nature_supplement_2020-04-08	negative_evidence	Ensembl	ENSG00000121351	ENSG00000121351	false	mapping_candidate	2
Luck2020	Nature_supplement_2020-04-08	negative_evidence	Ensembl	ENSG00000121851	ENSG00000121851	false	mapping_candidate	3
Luck2020	Nature_supplement_2020-04-08	negative_evidence	Ensembl	ENSG00000121858	ENSG00000121858	false	mapping_candidate	3
Luck2020	Nature_supplement_2020-04-08	negative_evidence	Ensembl	ENSG00000122218	ENSG00000122218	false	mapping_candidate	2
Luck2020	Nature_supplement_2020-04-08	negative_evidence	Ensembl	ENSG00000122299	ENSG00000122299	false	mapping_candidate	3
Luck2020	Nature_supplement_2020-04-08	negative_evidence	Ensembl	ENSG00000123144	ENSG00000123144	false	mapping_candidate	2
Luck2020	Nature_supplement_2020-04-08	negative_evidence	Ensembl	ENSG00000123353	ENSG00000123353	false	mapping_candidate	2
Luck2020	Nature_supplement_2020-04-08	negative_evidence	Ensembl	ENSG00000123415	ENSG00000123415	false	mapping_candidate	1
Luck2020	Nature_supplement_2020-04-08	negative_evidence	Ensembl	ENSG00000123444	ENSG00000123444	false	mapping_candidate	3
Luck2020	Nature_supplement_2020-04-08	negative_evidence	Ensembl	ENSG00000123560	ENSG00000123560	false	mapping_candidate	2
Luck2020	Nature_supplement_2020-04-08	negative_evidence	Ensembl	ENSG00000124074	ENSG00000124074	false	mapping_candidate	2
Luck2020	Nature_supplement_2020-04-08	negative_evidence	Ensembl	ENSG00000124104	ENSG00000124104	false	mapping_candidate	5
Luck2020	Nature_supplement_2020-04-08	negative_evidence	Ensembl	ENSG00000124209	ENSG00000124209	false	mapping_candidate	2
Luck2020	Nature_supplement_2020-04-08	negative_evidence	Ensembl	ENSG00000124214	ENSG00000124214	false	mapping_candidate	2
Luck2020	Nature_supplement_2020-04-08	negative_evidence	Ensembl	ENSG00000124357	ENSG00000124357	false	mapping_candidate	2
Luck2020	Nature_supplement_2020-04-08	negative_evidence	Ensembl	ENSG00000124380	ENSG00000124380	false	mapping_candidate	3
Luck2020	Nature_supplement_2020-04-08	negative_evidence	Ensembl	ENSG00000124444	ENSG00000124444	false	mapping_candidate	1
Luck2020	Nature_supplement_2020-04-08	negative_evidence	Ensembl	ENSG00000124535	ENSG00000124535	false	mapping_candidate	3
Luck2020	Nature_supplement_2020-04-08	negative_evidence	Ensembl	ENSG00000124564	ENSG00000124564	false	mapping_candidate	3
Luck2020	Nature_supplement_2020-04-08	negative_evidence	Ensembl	ENSG00000124588	ENSG00000124588	false	mapping_candidate	6
Luck2020	Nature_supplement_2020-04-08	negative_evidence	Ensembl	ENSG00000124827	ENSG00000124827	false	mapping_candidate	3
Luck2020	Nature_supplement_2020-04-08	negative_evidence	Ensembl	ENSG00000125245	ENSG00000125245	false	mapping_candidate	3
Luck2020	Nature_supplement_2020-04-08	negative_evidence	Ensembl	ENSG00000125449	ENSG00000125449	false	mapping_candidate	2
Luck2020	Nature_supplement_2020-04-08	negative_evidence	Ensembl	ENSG00000125450	ENSG00000125450	false	mapping_candidate	1
Luck2020	Nature_supplement_2020-04-08	negative_evidence	Ensembl	ENSG00000125458	ENSG00000125458	false	mapping_candidate	3
Luck2020	Nature_supplement_2020-04-08	negative_evidence	Ensembl	ENSG00000125459	ENSG00000125459	false	mapping_candidate	1
Luck2020	Nature_supplement_2020-04-08	negative_evidence	Ensembl	ENSG00000125652	ENSG00000125652	false	mapping_candidate	2
Luck2020	Nature_supplement_2020-04-08	negative_evidence	Ensembl	ENSG00000125863	ENSG00000125863	false	mapping_candidate	2
Luck2020	Nature_supplement_2020-04-08	negative_evidence	Ensembl	ENSG00000125864	ENSG00000125864	false	mapping_candidate	2
Luck2020	Nature_supplement_2020-04-08	negative_evidence	Ensembl	ENSG00000125871	ENSG00000125871	false	mapping_candidate	4
Luck2020	Nature_supplement_2020-04-08	negative_evidence	Ensembl	ENSG00000125879	ENSG00000125879	false	mapping_candidate	3
Luck2020	Nature_supplement_2020-04-08	negative_evidence	Ensembl	ENSG00000125975	ENSG00000125975	false	mapping_candidate	2
Luck2020	Nature_supplement_2020-04-08	negative_evidence	Ensembl	ENSG00000125999	ENSG00000125999	false	mapping_candidate	1
Luck2020	Nature_supplement_2020-04-08	negative_evidence	Ensembl	ENSG00000126070	ENSG00000126070	false	mapping_candidate	3
Luck2020	Nature_supplement_2020-04-08	negative_evidence	Ensembl	ENSG00000126522	ENSG00000126522	false	mapping_candidate	6
Luck2020	Nature_supplement_2020-04-08	negative_evidence	Ensembl	ENSG00000126803	ENSG00000126803	false	mapping_candidate	2
Luck2020	Nature_supplement_2020-04-08	negative_evidence	Ensembl	ENSG00000127022	ENSG00000127022	false	mapping_candidate	6
Luck2020	Nature_supplement_2020-04-08	negative_evidence	Ensembl	ENSG00000127129	ENSG00000127129	false	mapping_candidate	2
Luck2020	Nature_supplement_2020-04-08	negative_evidence	Ensembl	ENSG00000127252	ENSG00000127252	false	mapping_candidate	3
Luck2020	Nature_supplement_2020-04-08	negative_evidence	Ensembl	ENSG00000127418	ENSG00000127418	false	mapping_candidate	3
Luck2020	Nature_supplement_2020-04-08	negative_evidence	Ensembl	ENSG00000127452	ENSG00000127452	false	mapping_candidate	5
Luck2020	Nature_supplement_2020-04-08	negative_evidence	Ensembl	ENSG00000128039	ENSG00000128039	false	mapping_candidate	3
Luck2020	Nature_supplement_2020-04-08	negative_evidence	Ensembl	ENSG00000128218	ENSG00000128218	false	mapping_candidate	1
Luck2020	Nature_supplement_2020-04-08	negative_evidence	Ensembl	ENSG00000128272	ENSG00000128272	false	mapping_candidate	3
Luck2020	Nature_supplement_2020-04-08	negative_evidence	Ensembl	ENSG00000128609	ENSG00000128609	false	mapping_candidate	2
Luck2020	Nature_supplement_2020-04-08	negative_evidence	Ensembl	ENSG00000129083	ENSG00000129083	false	mapping_candidate	9
Luck2020	Nature_supplement_2020-04-08	negative_evidence	Ensembl	ENSG00000129315	ENSG00000129315	false	mapping_candidate	5
Luck2020	Nature_supplement_2020-04-08	negative_evidence	Ensembl	ENSG00000129493	ENSG00000129493	false	mapping_candidate	2
Luck2020	Nature_supplement_2020-04-08	negative_evidence	Ensembl	ENSG00000129675	ENSG00000129675	false	mapping_candidate	3
Luck2020	Nature_supplement_2020-04-08	negative_evidence	Ensembl	ENSG00000130158	ENSG00000130158	false	mapping_candidate	3
Luck2020	Nature_supplement_2020-04-08	negative_evidence	Ensembl	ENSG00000130176	ENSG00000130176	false	mapping_candidate	6
Luck2020	Nature_supplement_2020-04-08	negative_evidence	Ensembl	ENSG00000130202	ENSG00000130202	false	mapping_candidate	6
Luck2020	Nature_supplement_2020-04-08	negative_evidence	Ensembl	ENSG00000130254	ENSG00000130254	false	mapping_candidate	2
Luck2020	Nature_supplement_2020-04-08	negative_evidence	Ensembl	ENSG00000130299	ENSG00000130299	false	mapping_candidate	5
Luck2020	Nature_supplement_2020-04-08	negative_evidence	Ensembl	ENSG00000130528	ENSG00000130528	false	mapping_candidate	2
Luck2020	Nature_supplement_2020-04-08	negative_evidence	Ensembl	ENSG00000130595	ENSG00000130595	false	mapping_candidate	3
Luck2020	Nature_supplement_2020-04-08	negative_evidence	Ensembl	ENSG00000130656	ENSG00000130656	false	mapping_candidate	4
Luck2020	Nature_supplement_2020-04-08	negative_evidence	Ensembl	ENSG00000130723	ENSG00000130723	false	mapping_candidate	6
Luck2020	Nature_supplement_2020-04-08	negative_evidence	Ensembl	ENSG00000130812	ENSG00000130812	false	mapping_candidate	2
Luck2020	Nature_supplement_2020-04-08	negative_evidence	Ensembl	ENSG00000131196	ENSG00000131196	false	mapping_candidate	2
Luck2020	Nature_supplement_2020-04-08	negative_evidence	Ensembl	ENSG00000131242	ENSG00000131242	false	mapping_candidate	2
Luck2020	Nature_supplement_2020-04-08	negative_evidence	Ensembl	ENSG00000131368	ENSG00000131368	false	mapping_candidate	6
Luck2020	Nature_supplement_2020-04-08	negative_evidence	Ensembl	ENSG00000131507	ENSG00000131507	false	mapping_candidate	5
Luck2020	Nature_supplement_2020-04-08	negative_evidence	Ensembl	ENSG00000131626	ENSG00000131626	false	mapping_candidate	3
Luck2020	Nature_supplement_2020-04-08	negative_evidence	Ensembl	ENSG00000131808	ENSG00000131808	false	mapping_candidate	5
Luck2020	Nature_supplement_2020-04-08	negative_evidence	Ensembl	ENSG00000132010	ENSG00000132010	false	mapping_candidate	1
Luck2020	Nature_supplement_2020-04-08	negative_evidence	Ensembl	ENSG00000132031	ENSG00000132031	false	mapping_candidate	1
Luck2020	Nature_supplement_2020-04-08	negative_evidence	Ensembl	ENSG00000132274	ENSG00000132274	false	mapping_candidate	2
Luck2020	Nature_supplement_2020-04-08	negative_evidence	Ensembl	ENSG00000132383	ENSG00000132383	false	mapping_candidate	3
Luck2020	Nature_supplement_2020-04-08	negative_evidence	Ensembl	ENSG00000132485	ENSG00000132485	false	mapping_candidate	5
Luck2020	Nature_supplement_2020-04-08	negative_evidence	Ensembl	ENSG00000132563	ENSG00000132563	false	mapping_candidate	3
Luck2020	Nature_supplement_2020-04-08	negative_evidence	Ensembl	ENSG00000132631	ENSG00000132631	false	mapping_candidate	2
Luck2020	Nature_supplement_2020-04-08	negative_evidence	Ensembl	ENSG00000132932	ENSG00000132932	false	mapping_candidate	1
Luck2020	Nature_supplement_2020-04-08	negative_evidence	Ensembl	ENSG00000133026	ENSG00000133026	false	mapping_candidate	3
Luck2020	Nature_supplement_2020-04-08	negative_evidence	Ensembl	ENSG00000133059	ENSG00000133059	false	mapping_candidate	5
Luck2020	Nature_supplement_2020-04-08	negative_evidence	Ensembl	ENSG00000133065	ENSG00000133065	false	mapping_candidate	1
Luck2020	Nature_supplement_2020-04-08	negative_evidence	Ensembl	ENSG00000133067	ENSG00000133067	false	mapping_candidate	3
Luck2020	Nature_supplement_2020-04-08	negative_evidence	Ensembl	ENSG00000133317	ENSG00000133317	false	mapping_candidate	3
Luck2020	Nature_supplement_2020-04-08	negative_evidence	Ensembl	ENSG00000133433	ENSG00000133433	false	mapping_candidate	3
Luck2020	Nature_supplement_2020-04-08	negative_evidence	Ensembl	ENSG00000133710	ENSG00000133710	false	mapping_candidate	1
Luck2020	Nature_supplement_2020-04-08	negative_evidence	Ensembl	ENSG00000133789	ENSG00000133789	false	mapping_candidate	2
Luck2020	Nature_supplement_2020-04-08	negative_evidence	Ensembl	ENSG00000134121	ENSG00000134121	false	mapping_candidate	5
Luck2020	Nature_supplement_2020-04-08	negative_evidence	Ensembl	ENSG00000134769	ENSG00000134769	false	mapping_candidate	3
Luck2020	Nature_supplement_2020-04-08	negative_evidence	Ensembl	ENSG00000134853	ENSG00000134853	false	mapping_candidate	5
Luck2020	Nature_supplement_2020-04-08	negative_evidence	Ensembl	ENSG00000135046	ENSG00000135046	false	mapping_candidate	3
Luck2020	Nature_supplement_2020-04-08	negative_evidence	Ensembl	ENSG00000135048	ENSG00000135048	false	mapping_candidate	1
Luck2020	Nature_supplement_2020-04-08	negative_evidence	Ensembl	ENSG00000135083	ENSG00000135083	false	mapping_candidate	3
Luck2020	Nature_supplement_2020-04-08	negative_evidence	Ensembl	ENSG00000135097	ENSG00000135097	false	mapping_candidate	5
Luck2020	Nature_supplement_2020-04-08	negative_evidence	Ensembl	ENSG00000135218	ENSG00000135218	false	mapping_candidate	2
Luck2020	Nature_supplement_2020-04-08	negative_evidence	Ensembl	ENSG00000135447	ENSG00000135447	false	mapping_candidate	6
Luck2020	Nature_supplement_2020-04-08	negative_evidence	Ensembl	ENSG00000135486	ENSG00000135486	false	mapping_candidate	2
Luck2020	Nature_supplement_2020-04-08	negative_evidence	Ensembl	ENSG00000135517	ENSG00000135517	false	mapping_candidate	2
Luck2020	Nature_supplement_2020-04-08	negative_evidence	Ensembl	ENSG00000135617	ENSG00000135617	false	mapping_candidate	1
Luck2020	Nature_supplement_2020-04-08	negative_evidence	Ensembl	ENSG00000135624	ENSG00000135624	false	mapping_candidate	2
Luck2020	Nature_supplement_2020-04-08	negative_evidence	Ensembl	ENSG00000135678	ENSG00000135678	false	mapping_candidate	3
Luck2020	Nature_supplement_2020-04-08	negative_evidence	Ensembl	ENSG00000135821	ENSG00000135821	false	mapping_candidate	3
Luck2020	Nature_supplement_2020-04-08	negative_evidence	Ensembl	ENSG00000135845	ENSG00000135845	false	mapping_candidate	3
Luck2020	Nature_supplement_2020-04-08	negative_evidence	Ensembl	ENSG00000135902	ENSG00000135902	false	mapping_candidate	2
Luck2020	Nature_supplement_2020-04-08	negative_evidence	Ensembl	ENSG00000135917	ENSG00000135917	false	mapping_candidate	2
Luck2020	Nature_supplement_2020-04-08	negative_evidence	Ensembl	ENSG00000135924	ENSG00000135924	false	mapping_candidate	2
Luck2020	Nature_supplement_2020-04-08	negative_evidence	Ensembl	ENSG00000136040	ENSG00000136040	false	mapping_candidate	2
Luck2020	Nature_supplement_2020-04-08	negative_evidence	Ensembl	ENSG00000136449	ENSG00000136449	false	mapping_candidate	3
Luck2020	Nature_supplement_2020-04-08	negative_evidence	Ensembl	ENSG00000136682	ENSG00000136682	false	mapping_candidate	3
Luck2020	Nature_supplement_2020-04-08	negative_evidence	Ensembl	ENSG00000136859	ENSG00000136859	false	mapping_candidate	3
Luck2020	Nature_supplement_2020-04-08	negative_evidence	Ensembl	ENSG00000137055	ENSG00000137055	false	mapping_candidate	5
Luck2020	Nature_supplement_2020-04-08	negative_evidence	Ensembl	ENSG00000137198	ENSG00000137198	false	mapping_candidate	3
Luck2020	Nature_supplement_2020-04-08	negative_evidence	Ensembl	ENSG00000137507	ENSG00000137507	false	mapping_candidate	3
Luck2020	Nature_supplement_2020-04-08	negative_evidence	Ensembl	ENSG00000137642	ENSG00000137642	false	mapping_candidate	2
Luck2020	Nature_supplement_2020-04-08	negative_evidence	Ensembl	ENSG00000137815	ENSG00000137815	false	mapping_candidate	3
Luck2020	Nature_supplement_2020-04-08	negative_evidence	Ensembl	ENSG00000137869	ENSG00000137869	false	mapping_candidate	4
Luck2020	Nature_supplement_2020-04-08	negative_evidence	Ensembl	ENSG00000138386	ENSG00000138386	false	mapping_candidate	5
Luck2020	Nature_supplement_2020-04-08	negative_evidence	Ensembl	ENSG00000138587	ENSG00000138587	false	mapping_candidate	3
Luck2020	Nature_supplement_2020-04-08	negative_evidence	Ensembl	ENSG00000138615	ENSG00000138615	false	mapping_candidate	3
Luck2020	Nature_supplement_2020-04-08	negative_evidence	Ensembl	ENSG00000138641	ENSG00000138641	false	mapping_candidate	4
Luck2020	Nature_supplement_2020-04-08	negative_evidence	Ensembl	ENSG00000138750	ENSG00000138750	false	mapping_candidate	1
Luck2020	Nature_supplement_2020-04-08	negative_evidence	Ensembl	ENSG00000138767	ENSG00000138767	false	mapping_candidate	4
Luck2020	Nature_supplement_2020-04-08	negative_evidence	Ensembl	ENSG00000138795	ENSG00000138795	false	mapping_candidate	1
Luck2020	Nature_supplement_2020-04-08	negative_evidence	Ensembl	ENSG00000138801	ENSG00000138801	false	mapping_candidate	3
Luck2020	Nature_supplement_2020-04-08	negative_evidence	Ensembl	ENSG00000139211	ENSG00000139211	false	mapping_candidate	3
Luck2020	Nature_supplement_2020-04-08	negative_evidence	Ensembl	ENSG00000139291	ENSG00000139291	false	mapping_candidate	3
Luck2020	Nature_supplement_2020-04-08	negative_evidence	Ensembl	ENSG00000139445	ENSG00000139445	false	mapping_candidate	2
Luck2020	Nature_supplement_2020-04-08	negative_evidence	Ensembl	ENSG00000139572	ENSG00000139572	false	mapping_candidate	3
Luck2020	Nature_supplement_2020-04-08	negative_evidence	Ensembl	ENSG00000139697	ENSG00000139697	false	mapping_candidate	2
Luck2020	Nature_supplement_2020-04-08	negative_evidence	Ensembl	ENSG00000139890	ENSG00000139890	false	mapping_candidate	5
Luck2020	Nature_supplement_2020-04-08	negative_evidence	Ensembl	ENSG00000139988	ENSG00000139988	false	mapping_candidate	2
Luck2020	Nature_supplement_2020-04-08	negative_evidence	Ensembl	ENSG00000140374	ENSG00000140374	false	mapping_candidate	3
Luck2020	Nature_supplement_2020-04-08	negative_evidence	Ensembl	ENSG00000140505	ENSG00000140505	false	mapping_candidate	1
Luck2020	Nature_supplement_2020-04-08	negative_evidence	Ensembl	ENSG00000140525	ENSG00000140525	false	mapping_candidate	2
Luck2020	Nature_supplement_2020-04-08	negative_evidence	Ensembl	ENSG00000141012	ENSG00000141012	false	mapping_candidate	4
Luck2020	Nature_supplement_2020-04-08	negative_evidence	Ensembl	ENSG00000141179	ENSG00000141179	false	mapping_candidate	3
Luck2020	Nature_supplement_2020-04-08	negative_evidence	Ensembl	ENSG00000141279	ENSG00000141279	false	mapping_candidate	2
Luck2020	Nature_supplement_2020-04-08	negative_evidence	Ensembl	ENSG00000141499	ENSG00000141499	false	mapping_candidate	4
Luck2020	Nature_supplement_2020-04-08	negative_evidence	Ensembl	ENSG00000141506	ENSG00000141506	false	mapping_candidate	3
Luck2020	Nature_supplement_2020-04-08	negative_evidence	Ensembl	ENSG00000142544	ENSG00000142544	false	mapping_candidate	3
Luck2020	Nature_supplement_2020-04-08	negative_evidence	Ensembl	ENSG00000142546	ENSG00000142546	false	mapping_candidate	5
Luck2020	Nature_supplement_2020-04-08	negative_evidence	Ensembl	ENSG00000142694	ENSG00000142694	false	mapping_candidate	1
Luck2020	Nature_supplement_2020-04-08	negative_evidence	Ensembl	ENSG00000142765	ENSG00000142765	false	mapping_candidate	2
Luck2020	Nature_supplement_2020-04-08	negative_evidence	Ensembl	ENSG00000142892	ENSG00000142892	false	mapping_candidate	1
Luck2020	Nature_supplement_2020-04-08	negative_evidence	Ensembl	ENSG00000142973	ENSG00000142973	false	mapping_candidate	2
Luck2020	Nature_supplement_2020-04-08	negative_evidence	Ensembl	ENSG00000143217	ENSG00000143217	false	mapping_candidate	3
Luck2020	Nature_supplement_2020-04-08	negative_evidence	Ensembl	ENSG00000143256	ENSG00000143256	false	mapping_candidate	6
Luck2020	Nature_supplement_2020-04-08	negative_evidence	Ensembl	ENSG00000143443	ENSG00000143443	false	mapping_candidate	2
Luck2020	Nature_supplement_2020-04-08	negative_evidence	Ensembl	ENSG00000143473	ENSG00000143473	false	mapping_candidate	3
Luck2020	Nature_supplement_2020-04-08	negative_evidence	Ensembl	ENSG00000143494	ENSG00000143494	false	mapping_candidate	3
Luck2020	Nature_supplement_2020-04-08	negative_evidence	Ensembl	ENSG00000143553	ENSG00000143553	false	mapping_candidate	2
Luck2020	Nature_supplement_2020-04-08	negative_evidence	Ensembl	ENSG00000143624	ENSG00000143624	false	mapping_candidate	6
Luck2020	Nature_supplement_2020-04-08	negative_evidence	Ensembl	ENSG00000143801	ENSG00000143801	false	mapping_candidate	6
Luck2020	Nature_supplement_2020-04-08	negative_evidence	Ensembl	ENSG00000143839	ENSG00000143839	false	mapping_candidate	1
Luck2020	Nature_supplement_2020-04-08	negative_evidence	Ensembl	ENSG00000143889	ENSG00000143889	false	mapping_candidate	3
Luck2020	Nature_supplement_2020-04-08	negative_evidence	Ensembl	ENSG00000143924	ENSG00000143924	false	mapping_candidate	2
Luck2020	Nature_supplement_2020-04-08	negative_evidence	Ensembl	ENSG00000144021	ENSG00000144021	false	mapping_candidate	3
Luck2020	Nature_supplement_2020-04-08	negative_evidence	Ensembl	ENSG00000144152	ENSG00000144152	false	mapping_candidate	3
Luck2020	Nature_supplement_2020-04-08	negative_evidence	Ensembl	ENSG00000144488	ENSG00000144488	false	mapping_candidate	3
Luck2020	Nature_supplement_2020-04-08	negative_evidence	Ensembl	ENSG00000144591	ENSG00000144591	false	mapping_candidate	6
Luck2020	Nature_supplement_2020-04-08	negative_evidence	Ensembl	ENSG00000144645	ENSG00000144645	false	mapping_candidate	2
Luck2020	Nature_supplement_2020-04-08	negative_evidence	Ensembl	ENSG00000144837	ENSG00000144837	false	mapping_candidate	3
Luck2020	Nature_supplement_2020-04-08	negative_evidence	Ensembl	ENSG00000144857	ENSG00000144857	false	mapping_candidate	5
Luck2020	Nature_supplement_2020-04-08	negative_evidence	Ensembl	ENSG00000144962	ENSG00000144962	false	mapping_candidate	3
Luck2020	Nature_supplement_2020-04-08	negative_evidence	Ensembl	ENSG00000145287	ENSG00000145287	false	mapping_candidate	3
Luck2020	Nature_supplement_2020-04-08	negative_evidence	Ensembl	ENSG00000145358	ENSG00000145358	false	mapping_candidate	3
Luck2020	Nature_supplement_2020-04-08	negative_evidence	Ensembl	ENSG00000145414	ENSG00000145414	false	mapping_candidate	3
Luck2020	Nature_supplement_2020-04-08	negative_evidence	Ensembl	ENSG00000145623	ENSG00000145623	false	mapping_candidate	3
Luck2020	Nature_supplement_2020-04-08	negative_evidence	Ensembl	ENSG00000145626	ENSG00000145626	false	mapping_candidate	3
Luck2020	Nature_supplement_2020-04-08	negative_evidence	Ensembl	ENSG00000145832	ENSG00000145832	false	mapping_candidate	3
Luck2020	Nature_supplement_2020-04-08	negative_evidence	Ensembl	ENSG00000146066	ENSG00000146066	false	mapping_candidate	2
Luck2020	Nature_supplement_2020-04-08	negative_evidence	Ensembl	ENSG00000146090	ENSG00000146090	false	mapping_candidate	2
Luck2020	Nature_supplement_2020-04-08	negative_evidence	Ensembl	ENSG00000146221	ENSG00000146221	false	mapping_candidate	3
Luck2020	Nature_supplement_2020-04-08	negative_evidence	Ensembl	ENSG00000146453	ENSG00000146453	false	mapping_candidate	2
Luck2020	Nature_supplement_2020-04-08	negative_evidence	Ensembl	ENSG00000146469	ENSG00000146469	false	mapping_candidate	2
Luck2020	Nature_supplement_2020-04-08	negative_evidence	Ensembl	ENSG00000146701	ENSG00000146701	false	mapping_candidate	3
Luck2020	Nature_supplement_2020-04-08	negative_evidence	Ensembl	ENSG00000146731	ENSG00000146731	false	mapping_candidate	3
Luck2020	Nature_supplement_2020-04-08	negative_evidence	Ensembl	ENSG00000147140	ENSG00000147140	false	mapping_candidate	6
Luck2020	Nature_supplement_2020-04-08	negative_evidence	Ensembl	ENSG00000147257	ENSG00000147257	false	mapping_candidate	3
Luck2020	Nature_supplement_2020-04-08	negative_evidence	Ensembl	ENSG00000147571	ENSG00000147571	false	mapping_candidate	2
Luck2020	Nature_supplement_2020-04-08	negative_evidence	Ensembl	ENSG00000147679	ENSG00000147679	false	mapping_candidate	2
Luck2020	Nature_supplement_2020-04-08	negative_evidence	Ensembl	ENSG00000147724	ENSG00000147724	false	mapping_candidate	3
Luck2020	Nature_supplement_2020-04-08	negative_evidence	Ensembl	ENSG00000147862	ENSG00000147862	false	mapping_candidate	6
Luck2020	Nature_supplement_2020-04-08	negative_evidence	Ensembl	ENSG00000147894	ENSG00000147894	false	mapping_candidate	2
Luck2020	Nature_supplement_2020-04-08	negative_evidence	Ensembl	ENSG00000148344	ENSG00000148344	false	mapping_candidate	4
Luck2020	Nature_supplement_2020-04-08	negative_evidence	Ensembl	ENSG00000148935	ENSG00000148935	false	mapping_candidate	2
Luck2020	Nature_supplement_2020-04-08	negative_evidence	Ensembl	ENSG00000148985	ENSG00000148985	false	mapping_candidate	7
Luck2020	Nature_supplement_2020-04-08	negative_evidence	Ensembl	ENSG00000149313	ENSG00000149313	false	mapping_candidate	2
Luck2020	Nature_supplement_2020-04-08	negative_evidence	Ensembl	ENSG00000149480	ENSG00000149480	false	mapping_candidate	3
Luck2020	Nature_supplement_2020-04-08	negative_evidence	Ensembl	ENSG00000149499	ENSG00000149499	false	mapping_candidate	2
Luck2020	Nature_supplement_2020-04-08	negative_evidence	Ensembl	ENSG00000149541	ENSG00000149541	false	mapping_candidate	2
Luck2020	Nature_supplement_2020-04-08	negative_evidence	Ensembl	ENSG00000149557	ENSG00000149557	false	mapping_candidate	2
Luck2020	Nature_supplement_2020-04-08	negative_evidence	Ensembl	ENSG00000149782	ENSG00000149782	false	mapping_candidate	2
Luck2020	Nature_supplement_2020-04-08	negative_evidence	Ensembl	ENSG00000150455	ENSG00000150455	false	mapping_candidate	6
Luck2020	Nature_supplement_2020-04-08	negative_evidence	Ensembl	ENSG00000151388	ENSG00000151388	false	mapping_candidate	2
Luck2020	Nature_supplement_2020-04-08	negative_evidence	Ensembl	ENSG00000151632	ENSG00000151632	false	mapping_candidate	2
Luck2020	Nature_supplement_2020-04-08	negative_evidence	Ensembl	ENSG00000151650	ENSG00000151650	false	mapping_candidate	2
Luck2020	Nature_supplement_2020-04-08	negative_evidence	Ensembl	ENSG00000151689	ENSG00000151689	false	mapping_candidate	3
Luck2020	Nature_supplement_2020-04-08	negative_evidence	Ensembl	ENSG00000151834	ENSG00000151834	false	mapping_candidate	6
Luck2020	Nature_supplement_2020-04-08	negative_evidence	Ensembl	ENSG00000151923	ENSG00000151923	false	mapping_candidate	2
Luck2020	Nature_supplement_2020-04-08	negative_evidence	Ensembl	ENSG00000152056	ENSG00000152056	false	mapping_candidate	1
Luck2020	Nature_supplement_2020-04-08	negative_evidence	Ensembl	ENSG00000152229	ENSG00000152229	false	mapping_candidate	6
Luck2020	Nature_supplement_2020-04-08	negative_evidence	Ensembl	ENSG00000152422	ENSG00000152422	false	mapping_candidate	1
Luck2020	Nature_supplement_2020-04-08	negative_evidence	Ensembl	ENSG00000152475	ENSG00000152475	false	mapping_candidate	3
Luck2020	Nature_supplement_2020-04-08	negative_evidence	Ensembl	ENSG00000152518	ENSG00000152518	false	mapping_candidate	2
Luck2020	Nature_supplement_2020-04-08	negative_evidence	Ensembl	ENSG00000152977	ENSG00000152977	false	mapping_candidate	2
Luck2020	Nature_supplement_2020-04-08	negative_evidence	Ensembl	ENSG00000153283	ENSG00000153283	false	mapping_candidate	2
Luck2020	Nature_supplement_2020-04-08	negative_evidence	Ensembl	ENSG00000153303	ENSG00000153303	false	mapping_candidate	3
Luck2020	Nature_supplement_2020-04-08	negative_evidence	Ensembl	ENSG00000153339	ENSG00000153339	false	mapping_candidate	3
Luck2020	Nature_supplement_2020-04-08	negative_evidence	Ensembl	ENSG00000153551	ENSG00000153551	false	mapping_candidate	3
Luck2020	Nature_supplement_2020-04-08	negative_evidence	Ensembl	ENSG00000153902	ENSG00000153902	false	mapping_candidate	2
Luck2020	Nature_supplement_2020-04-08	negative_evidence	Ensembl	ENSG00000153914	ENSG00000153914	false	mapping_candidate	1
Luck2020	Nature_supplement_2020-04-08	negative_evidence	Ensembl	ENSG00000154079	ENSG00000154079	false	mapping_candidate	2
Luck2020	Nature_supplement_2020-04-08	negative_evidence	Ensembl	ENSG00000154719	ENSG00000154719	false	mapping_candidate	2
Luck2020	Nature_supplement_2020-04-08	negative_evidence	Ensembl	ENSG00000155011	ENSG00000155011	false	mapping_candidate	3
Luck2020	Nature_supplement_2020-04-08	negative_evidence	Ensembl	ENSG00000155313	ENSG00000155313	false	mapping_candidate	3
Luck2020	Nature_supplement_2020-04-08	negative_evidence	Ensembl	ENSG00000155366	ENSG00000155366	false	mapping_candidate	5
Luck2020	Nature_supplement_2020-04-08	negative_evidence	Ensembl	ENSG00000156006	ENSG00000156006	false	mapping_candidate	6
Luck2020	Nature_supplement_2020-04-08	negative_evidence	Ensembl	ENSG00000156096	ENSG00000156096	false	mapping_candidate	3
Luck2020	Nature_supplement_2020-04-08	negative_evidence	Ensembl	ENSG00000156097	ENSG00000156097	false	mapping_candidate	3
Luck2020	Nature_supplement_2020-04-08	negative_evidence	Ensembl	ENSG00000156304	ENSG00000156304	false	mapping_candidate	3
Luck2020	Nature_supplement_2020-04-08	negative_evidence	Ensembl	ENSG00000156395	ENSG00000156395	false	mapping_candidate	3
Luck2020	Nature_supplement_2020-04-08	negative_evidence	Ensembl	ENSG00000156427	ENSG00000156427	false	mapping_candidate	6
Luck2020	Nature_supplement_2020-04-08	negative_evidence	Ensembl	ENSG00000156689	ENSG00000156689	false	mapping_candidate	2
Luck2020	Nature_supplement_2020-04-08	negative_evidence	Ensembl	ENSG00000156858	ENSG00000156858	false	mapping_candidate	2
Luck2020	Nature_supplement_2020-04-08	negative_evidence	Ensembl	ENSG00000156976	ENSG00000156976	false	mapping_candidate	3
Luck2020	Nature_supplement_2020-04-08	negative_evidence	Ensembl	ENSG00000156983	ENSG00000156983	false	mapping_candidate	2
Luck2020	Nature_supplement_2020-04-08	negative_evidence	Ensembl	ENSG00000157017	ENSG00000157017	false	mapping_candidate	3
Luck2020	Nature_supplement_2020-04-08	negative_evidence	Ensembl	ENSG00000157103	ENSG00000157103	false	mapping_candidate	6
Luck2020	Nature_supplement_2020-04-08	negative_evidence	Ensembl	ENSG00000157335	ENSG00000157335	false	mapping_candidate	3
Luck2020	Nature_supplement_2020-04-08	negative_evidence	Ensembl	ENSG00000157978	ENSG00000157978	false	mapping_candidate	3
Luck2020	Nature_supplement_2020-04-08	negative_evidence	Ensembl	ENSG00000158089	ENSG00000158089	false	mapping_candidate	3
Luck2020	Nature_supplement_2020-04-08	negative_evidence	Ensembl	ENSG00000158321	ENSG00000158321	false	mapping_candidate	3
Luck2020	Nature_supplement_2020-04-08	negative_evidence	Ensembl	ENSG00000158417	ENSG00000158417	false	mapping_candidate	3
Luck2020	Nature_supplement_2020-04-08	negative_evidence	Ensembl	ENSG00000158545	ENSG00000158545	false	mapping_candidate	3
Luck2020	Nature_supplement_2020-04-08	negative_evidence	Ensembl	ENSG00000158604	ENSG00000158604	false	mapping_candidate	6
Luck2020	Nature_supplement_2020-04-08	negative_evidence	Ensembl	ENSG00000158764	ENSG00000158764	false	mapping_candidate	3
Luck2020	Nature_supplement_2020-04-08	negative_evidence	Ensembl	ENSG00000158825	ENSG00000158825	false	mapping_candidate	2
Luck2020	Nature_supplement_2020-04-08	negative_evidence	Ensembl	ENSG00000158856	ENSG00000158856	false	mapping_candidate	5
Luck2020	Nature_supplement_2020-04-08	negative_evidence	Ensembl	ENSG00000159197	ENSG00000159197	false	mapping_candidate	2
Luck2020	Nature_supplement_2020-04-08	negative_evidence	Ensembl	ENSG00000159588	ENSG00000159588	false	mapping_candidate	3
Luck2020	Nature_supplement_2020-04-08	negative_evidence	Ensembl	ENSG00000160191	ENSG00000160191	false	mapping_candidate	5
Luck2020	Nature_supplement_2020-04-08	negative_evidence	Ensembl	ENSG00000160271	ENSG00000160271	false	mapping_candidate	5
Luck2020	Nature_supplement_2020-04-08	negative_evidence	Ensembl	ENSG00000160446	ENSG00000160446	false	mapping_candidate	2
Luck2020	Nature_supplement_2020-04-08	negative_evidence	Ensembl	ENSG00000160808	ENSG00000160808	false	mapping_candidate	2
Luck2020	Nature_supplement_2020-04-08	negative_evidence	Ensembl	ENSG00000160959	ENSG00000160959	false	mapping_candidate	3
Luck2020	Nature_supplement_2020-04-08	negative_evidence	Ensembl	ENSG00000161204	ENSG00000161204	false	mapping_candidate	2
Luck2020	Nature_supplement_2020-04-08	negative_evidence	Ensembl	ENSG00000161381	ENSG00000161381	false	mapping_candidate	2
Luck2020	Nature_supplement_2020-04-08	negative_evidence	Ensembl	ENSG00000161405	ENSG00000161405	false	mapping_candidate	1
Luck2020	Nature_supplement_2020-04-08	negative_evidence	Ensembl	ENSG00000161544	ENSG00000161544	false	mapping_candidate	4
Luck2020	Nature_supplement_2020-04-08	negative_evidence	Ensembl	ENSG00000162076	ENSG00000162076	false	mapping_candidate	2
Luck2020	Nature_supplement_2020-04-08	negative_evidence	Ensembl	ENSG00000162078	ENSG00000162078	false	mapping_candidate	2
Luck2020	Nature_supplement_2020-04-08	negative_evidence	Ensembl	ENSG00000162236	ENSG00000162236	false	mapping_candidate	2
Luck2020	Nature_supplement_2020-04-08	negative_evidence	Ensembl	ENSG00000162396	ENSG00000162396	false	mapping_candidate	4
Luck2020	Nature_supplement_2020-04-08	negative_evidence	Ensembl	ENSG00000162711	ENSG00000162711	false	mapping_candidate	2
Luck2020	Nature_supplement_2020-04-08	negative_evidence	Ensembl	ENSG00000162755	ENSG00000162755	false	mapping_candidate	1
Luck2020	Nature_supplement_2020-04-08	negative_evidence	Ensembl	ENSG00000162927	ENSG00000162927	false	mapping_candidate	3
Luck2020	Nature_supplement_2020-04-08	negative_evidence	Ensembl	ENSG00000162949	ENSG00000162949	false	mapping_candidate	3
Luck2020	Nature_supplement_2020-04-08	negative_evidence	Ensembl	ENSG00000163071	ENSG00000163071	false	mapping_candidate	2
Luck2020	Nature_supplement_2020-04-08	negative_evidence	Ensembl	ENSG00000163106	ENSG00000163106	false	mapping_candidate	3
Luck2020	Nature_supplement_2020-04-08	negative_evidence	Ensembl	ENSG00000163348	ENSG00000163348	false	mapping_candidate	2
Luck2020	Nature_supplement_2020-04-08	negative_evidence	Ensembl	ENSG00000163393	ENSG00000163393	false	mapping_candidate	6
Luck2020	Nature_supplement_2020-04-08	negative_evidence	Ensembl	ENSG00000163431	ENSG00000163431	false	mapping_candidate	3
Luck2020	Nature_supplement_2020-04-08	negative_evidence	Ensembl	ENSG00000163596	ENSG00000163596	false	mapping_candidate	1
Luck2020	Nature_supplement_2020-04-08	negative_evidence	Ensembl	ENSG00000163600	ENSG00000163600	false	mapping_candidate	2
Luck2020	Nature_supplement_2020-04-08	negative_evidence	Ensembl	ENSG00000163762	ENSG00000163762	false	mapping_candidate	2
Luck2020	Nature_supplement_2020-04-08	negative_evidence	Ensembl	ENSG00000163848	ENSG00000163848	false	mapping_candidate	2
Luck2020	Nature_supplement_2020-04-08	negative_evidence	Ensembl	ENSG00000164096	ENSG00000164096	false	mapping_candidate	2
Luck2020	Nature_supplement_2020-04-08	negative_evidence	Ensembl	ENSG00000164124	ENSG00000164124	false	mapping_candidate	1
Luck2020	Nature_supplement_2020-04-08	negative_evidence	Ensembl	ENSG00000164253	ENSG00000164253	false	mapping_candidate	6
Luck2020	Nature_supplement_2020-04-08	negative_evidence	Ensembl	ENSG00000164332	ENSG00000164332	false	mapping_candidate	3
Luck2020	Nature_supplement_2020-04-08	negative_evidence	Ensembl	ENSG00000164867	ENSG00000164867	false	mapping_candidate	2
Luck2020	Nature_supplement_2020-04-08	negative_evidence	Ensembl	ENSG00000164978	ENSG00000164978	false	mapping_candidate	6
Luck2020	Nature_supplement_2020-04-08	negative_evidence	Ensembl	ENSG00000165197	ENSG00000165197	false	mapping_candidate	6
Luck2020	Nature_supplement_2020-04-08	negative_evidence	Ensembl	ENSG00000165269	ENSG00000165269	false	mapping_candidate	2
Luck2020	Nature_supplement_2020-04-08	negative_evidence	Ensembl	ENSG00000165283	ENSG00000165283	false	mapping_candidate	2
Luck2020	Nature_supplement_2020-04-08	negative_evidence	Ensembl	ENSG00000165496	ENSG00000165496	false	mapping_candidate	3
Luck2020	Nature_supplement_2020-04-08	negative_evidence	Ensembl	ENSG00000165704	ENSG00000165704	false	mapping_candidate	2
Luck2020	Nature_supplement_2020-04-08	negative_evidence	Ensembl	ENSG00000165795	ENSG00000165795	false	mapping_candidate	3
Luck2020	Nature_supplement_2020-04-08	negative_evidence	Ensembl	ENSG00000165821	ENSG00000165821	false	mapping_candidate	3
Luck2020	Nature_supplement_2020-04-08	negative_evidence	Ensembl	ENSG00000166133	ENSG00000166133	false	mapping_candidate	3
Luck2020	Nature_supplement_2020-04-08	negative_evidence	Ensembl	ENSG00000166136	ENSG00000166136	false	mapping_candidate	3
Luck2020	Nature_supplement_2020-04-08	negative_evidence	Ensembl	ENSG00000166140	ENSG00000166140	false	mapping_candidate	2
Luck2020	Nature_supplement_2020-04-08	negative_evidence	Ensembl	ENSG00000166147	ENSG00000166147	false	mapping_candidate	2
Luck2020	Nature_supplement_2020-04-08	negative_evidence	Ensembl	ENSG00000166165	ENSG00000166165	false	mapping_candidate	4
Luck2020	Nature_supplement_2020-04-08	negative_evidence	Ensembl	ENSG00000166246	ENSG00000166246	false	mapping_candidate	3
Luck2020	Nature_supplement_2020-04-08	negative_evidence	Ensembl	ENSG00000166405	ENSG00000166405	false	mapping_candidate	4
Luck2020	Nature_supplement_2020-04-08	negative_evidence	Ensembl	ENSG00000166847	ENSG00000166847	false	mapping_candidate	2
Luck2020	Nature_supplement_2020-04-08	negative_evidence	Ensembl	ENSG00000166974	ENSG00000166974	false	mapping_candidate	3
Luck2020	Nature_supplement_2020-04-08	negative_evidence	Ensembl	ENSG00000167513	ENSG00000167513	false	mapping_candidate	3
Luck2020	Nature_supplement_2020-04-08	negative_evidence	Ensembl	ENSG00000167771	ENSG00000167771	false	mapping_candidate	2
Luck2020	Nature_supplement_2020-04-08	negative_evidence	Ensembl	ENSG00000167995	ENSG00000167995	false	mapping_candidate	6
Luck2020	Nature_supplement_2020-04-08	negative_evidence	Ensembl	ENSG00000167996	ENSG00000167996	false	mapping_candidate	3
Luck2020	Nature_supplement_2020-04-08	negative_evidence	Ensembl	ENSG00000168040	ENSG00000168040	false	mapping_candidate	3
Luck2020	Nature_supplement_2020-04-08	negative_evidence	Ensembl	ENSG00000168067	ENSG00000168067	false	mapping_candidate	3
Luck2020	Nature_supplement_2020-04-08	negative_evidence	Ensembl	ENSG00000168216	ENSG00000168216	false	mapping_candidate	2
Luck2020	Nature_supplement_2020-04-08	negative_evidence	Ensembl	ENSG00000168259	ENSG00000168259	false	mapping_candidate	2
Luck2020	Nature_supplement_2020-04-08	negative_evidence	Ensembl	ENSG00000168291	ENSG00000168291	false	mapping_candidate	6
Luck2020	Nature_supplement_2020-04-08	negative_evidence	Ensembl	ENSG00000168314	ENSG00000168314	false	mapping_candidate	6
Luck2020	Nature_supplement_2020-04-08	negative_evidence	Ensembl	ENSG00000168530	ENSG00000168530	false	mapping_candidate	4
Luck2020	Nature_supplement_2020-04-08	negative_evidence	Ensembl	ENSG00000168824	ENSG00000168824	false	mapping_candidate	2
Luck2020	Nature_supplement_2020-04-08	negative_evidence	Ensembl	ENSG00000168843	ENSG00000168843	false	mapping_candidate	3
Luck2020	Nature_supplement_2020-04-08	negative_evidence	Ensembl	ENSG00000168917	ENSG00000168917	false	mapping_candidate	6
Luck2020	Nature_supplement_2020-04-08	negative_evidence	Ensembl	ENSG00000168952	ENSG00000168952	false	mapping_candidate	2
Luck2020	Nature_supplement_2020-04-08	negative_evidence	Ensembl	ENSG00000168993	ENSG00000168993	false	mapping_candidate	2
Luck2020	Nature_supplement_2020-04-08	negative_evidence	Ensembl	ENSG00000169087	ENSG00000169087	false	mapping_candidate	3
Luck2020	Nature_supplement_2020-04-08	negative_evidence	Ensembl	ENSG00000169155	ENSG00000169155	false	mapping_candidate	2
Luck2020	Nature_supplement_2020-04-08	negative_evidence	Ensembl	ENSG00000169213	ENSG00000169213	false	mapping_candidate	5
Luck2020	Nature_supplement_2020-04-08	negative_evidence	Ensembl	ENSG00000169231	ENSG00000169231	false	mapping_candidate	2
Luck2020	Nature_supplement_2020-04-08	negative_evidence	Ensembl	ENSG00000169248	ENSG00000169248	false	mapping_candidate	6
Luck2020	Nature_supplement_2020-04-08	negative_evidence	Ensembl	ENSG00000169291	ENSG00000169291	false	mapping_candidate	2
Luck2020	Nature_supplement_2020-04-08	negative_evidence	Ensembl	ENSG00000169314	ENSG00000169314	false	mapping_candidate	6
Luck2020	Nature_supplement_2020-04-08	negative_evidence	Ensembl	ENSG00000169495	ENSG00000169495	false	mapping_candidate	3
Luck2020	Nature_supplement_2020-04-08	negative_evidence	Ensembl	ENSG00000169554	ENSG00000169554	false	mapping_candidate	2
Luck2020	Nature_supplement_2020-04-08	negative_evidence	Ensembl	ENSG00000169635	ENSG00000169635	false	mapping_candidate	5
Luck2020	Nature_supplement_2020-04-08	negative_evidence	Ensembl	ENSG00000169826	ENSG00000169826	false	mapping_candidate	6
Luck2020	Nature_supplement_2020-04-08	negative_evidence	Ensembl	ENSG00000169862	ENSG00000169862	false	mapping_candidate	3
Luck2020	Nature_supplement_2020-04-08	negative_evidence	Ensembl	ENSG00000169903	ENSG00000169903	false	mapping_candidate	6
Luck2020	Nature_supplement_2020-04-08	negative_evidence	Ensembl	ENSG00000169989	ENSG00000169989	false	mapping_candidate	2
Luck2020	Nature_supplement_2020-04-08	negative_evidence	Ensembl	ENSG00000170153	ENSG00000170153	false	mapping_candidate	2
Luck2020	Nature_supplement_2020-04-08	negative_evidence	Ensembl	ENSG00000170323	ENSG00000170323	false	mapping_candidate	3
Luck2020	Nature_supplement_2020-04-08	negative_evidence	Ensembl	ENSG00000170848	ENSG00000170848	false	mapping_candidate	2
Luck2020	Nature_supplement_2020-04-08	negative_evidence	Ensembl	ENSG00000170860	ENSG00000170860	false	mapping_candidate	4
Luck2020	Nature_supplement_2020-04-08	negative_evidence	Ensembl	ENSG00000171097	ENSG00000171097	false	mapping_candidate	3
Luck2020	Nature_supplement_2020-04-08	negative_evidence	Ensembl	ENSG00000171133	ENSG00000171133	false	mapping_candidate	2
Luck2020	Nature_supplement_2020-04-08	negative_evidence	Ensembl	ENSG00000171180	ENSG00000171180	false	mapping_candidate	3
Luck2020	Nature_supplement_2020-04-08	negative_evidence	Ensembl	ENSG00000171195	ENSG00000171195	false	mapping_candidate	6
Luck2020	Nature_supplement_2020-04-08	negative_evidence	Ensembl	ENSG00000171204	ENSG00000171204	false	mapping_candidate	3
Luck2020	Nature_supplement_2020-04-08	negative_evidence	Ensembl	ENSG00000171224	ENSG00000171224	false	mapping_candidate	2
Luck2020	Nature_supplement_2020-04-08	negative_evidence	Ensembl	ENSG00000171295	ENSG00000171295	false	mapping_candidate	6
Luck2020	Nature_supplement_2020-04-08	negative_evidence	Ensembl	ENSG00000171360	ENSG00000171360	false	mapping_candidate	2
Luck2020	Nature_supplement_2020-04-08	negative_evidence	Ensembl	ENSG00000171401	ENSG00000171401	false	mapping_candidate	3
Luck2020	Nature_supplement_2020-04-08	negative_evidence	Ensembl	ENSG00000171402	ENSG00000171402	false	mapping_candidate	2
Luck2020	Nature_supplement_2020-04-08	negative_evidence	Ensembl	ENSG00000171522	ENSG00000171522	false	mapping_candidate	3
Luck2020	Nature_supplement_2020-04-08	negative_evidence	Ensembl	ENSG00000171564	ENSG00000171564	false	mapping_candidate	3
Luck2020	Nature_supplement_2020-04-08	negative_evidence	Ensembl	ENSG00000171631	ENSG00000171631	false	mapping_candidate	6
Luck2020	Nature_supplement_2020-04-08	negative_evidence	Ensembl	ENSG00000171772	ENSG00000171772	false	mapping_candidate	3
Luck2020	Nature_supplement_2020-04-08	negative_evidence	Ensembl	ENSG00000171819	ENSG00000171819	false	mapping_candidate	3
Luck2020	Nature_supplement_2020-04-08	negative_evidence	Ensembl	ENSG00000171824	ENSG00000171824	false	mapping_candidate	2
Luck2020	Nature_supplement_2020-04-08	negative_evidence	Ensembl	ENSG00000171962	ENSG00000171962	false	mapping_candidate	2
Luck2020	Nature_supplement_2020-04-08	negative_evidence	Ensembl	ENSG00000172215	ENSG00000172215	false	mapping_candidate	2
Luck2020	Nature_supplement_2020-04-08	negative_evidence	Ensembl	ENSG00000172375	ENSG00000172375	false	mapping_candidate	1
Luck2020	Nature_supplement_2020-04-08	negative_evidence	Ensembl	ENSG00000172531	ENSG00000172531	false	mapping_candidate	5
Luck2020	Nature_supplement_2020-04-08	negative_evidence	Ensembl	ENSG00000172578	ENSG00000172578	false	mapping_candidate	6
Luck2020	Nature_supplement_2020-04-08	negative_evidence	Ensembl	ENSG00000172725	ENSG00000172725	false	mapping_candidate	3
Luck2020	Nature_supplement_2020-04-08	negative_evidence	Ensembl	ENSG00000172845	ENSG00000172845	false	mapping_candidate	3
Luck2020	Nature_supplement_2020-04-08	negative_evidence	Ensembl	ENSG00000173163	ENSG00000173163	false	mapping_candidate	3
Luck2020	Nature_supplement_2020-04-08	negative_evidence	Ensembl	ENSG00000173226	ENSG00000173226	false	mapping_candidate	3
Luck2020	Nature_supplement_2020-04-08	negative_evidence	Ensembl	ENSG00000173421	ENSG00000173421	false	mapping_candidate	2
Luck2020	Nature_supplement_2020-04-08	negative_evidence	Ensembl	ENSG00000173480	ENSG00000173480	false	mapping_candidate	2
Luck2020	Nature_supplement_2020-04-08	negative_evidence	Ensembl	ENSG00000173821	ENSG00000173821	false	mapping_candidate	2
Luck2020	Nature_supplement_2020-04-08	negative_evidence	Ensembl	ENSG00000174059	ENSG00000174059	false	mapping_candidate	3
Luck2020	Nature_supplement_2020-04-08	negative_evidence	Ensembl	ENSG00000174125	ENSG00000174125	false	mapping_candidate	3
Luck2020	Nature_supplement_2020-04-08	negative_evidence	Ensembl	ENSG00000174165	ENSG00000174165	false	mapping_candidate	3
Luck2020	Nature_supplement_2020-04-08	negative_evidence	Ensembl	ENSG00000174547	ENSG00000174547	false	mapping_candidate	4
Luck2020	Nature_supplement_2020-04-08	negative_evidence	Ensembl	ENSG00000174808	ENSG00000174808	false	mapping_candidate	6
Luck2020	Nature_supplement_2020-04-08	negative_evidence	Ensembl	ENSG00000175018	ENSG00000175018	false	mapping_candidate	1
Luck2020	Nature_supplement_2020-04-08	negative_evidence	Ensembl	ENSG00000175029	ENSG00000175029	false	mapping_candidate	2
Luck2020	Nature_supplement_2020-04-08	negative_evidence	Ensembl	ENSG00000175063	ENSG00000175063	false	mapping_candidate	4
Luck2020	Nature_supplement_2020-04-08	negative_evidence	Ensembl	ENSG00000175097	ENSG00000175097	false	mapping_candidate	3
Luck2020	Nature_supplement_2020-04-08	negative_evidence	Ensembl	ENSG00000175329	ENSG00000175329	false	mapping_candidate	2
Luck2020	Nature_supplement_2020-04-08	negative_evidence	Ensembl	ENSG00000175390	ENSG00000175390	false	mapping_candidate	2
Luck2020	Nature_supplement_2020-04-08	negative_evidence	Ensembl	ENSG00000175895	ENSG00000175895	false	mapping_candidate	3
Luck2020	Nature_supplement_2020-04-08	negative_evidence	Ensembl	ENSG00000176020	ENSG00000176020	false	mapping_candidate	2
Luck2020	Nature_supplement_2020-04-08	negative_evidence	Ensembl	ENSG00000176153	ENSG00000176153	false	mapping_candidate	5
Luck2020	Nature_supplement_2020-04-08	negative_evidence	Ensembl	ENSG00000176170	ENSG00000176170	false	mapping_candidate	3
Luck2020	Nature_supplement_2020-04-08	negative_evidence	Ensembl	ENSG00000176723	ENSG00000176723	false	mapping_candidate	2
Luck2020	Nature_supplement_2020-04-08	negative_evidence	Ensembl	ENSG00000176945	ENSG00000176945	false	mapping_candidate	3
Luck2020	Nature_supplement_2020-04-08	negative_evidence	Ensembl	ENSG00000177542	ENSG00000177542	false	mapping_candidate	2
Luck2020	Nature_supplement_2020-04-08	negative_evidence	Ensembl	ENSG00000177565	ENSG00000177565	false	mapping_candidate	1
Luck2020	Nature_supplement_2020-04-08	negative_evidence	Ensembl	ENSG00000177697	ENSG00000177697	false	mapping_candidate	9
Luck2020	Nature_supplement_2020-04-08	negative_evidence	Ensembl	ENSG00000178084	ENSG00000178084	false	mapping_candidate	3
Luck2020	Nature_supplement_2020-04-08	negative_evidence	Ensembl	ENSG00000178096	ENSG00000178096	false	mapping_candidate	5
Luck2020	Nature_supplement_2020-04-08	negative_evidence	Ensembl	ENSG00000178105	ENSG00000178105	false	mapping_candidate	2
Luck2020	Nature_supplement_2020-04-08	negative_evidence	Ensembl	ENSG00000178149	ENSG00000178149	false	mapping_candidate	2
Luck2020	Nature_supplement_2020-04-08	negative_evidence	Ensembl	ENSG00000178773	ENSG00000178773	false	mapping_candidate	3
Luck2020	Nature_supplement_2020-04-08	negative_evidence	Ensembl	ENSG00000179021	ENSG00000179021	false	mapping_candidate	2
Luck2020	Nature_supplement_2020-04-08	negative_evidence	Ensembl	ENSG00000180198	ENSG00000180198	false	mapping_candidate	6
Luck2020	Nature_supplement_2020-04-08	negative_evidence	Ensembl	ENSG00000180259	ENSG00000180259	false	mapping_candidate	3
Luck2020	Nature_supplement_2020-04-08	negative_evidence	Ensembl	ENSG00000180353	ENSG00000180353	false	mapping_candidate	3
Luck2020	Nature_supplement_2020-04-08	negative_evidence	Ensembl	ENSG00000180354	ENSG00000180354	false	mapping_candidate	8
Luck2020	Nature_supplement_2020-04-08	negative_evidence	Ensembl	ENSG00000180448	ENSG00000180448	false	mapping_candidate	2
Luck2020	Nature_supplement_2020-04-08	negative_evidence	Ensembl	ENSG00000181135	ENSG00000181135	false	mapping_candidate	2
Luck2020	Nature_supplement_2020-04-08	negative_evidence	Ensembl	ENSG00000181315	ENSG00000181315	false	mapping_candidate	2
Luck2020	Nature_supplement_2020-04-08	negative_evidence	Ensembl	ENSG00000181378	ENSG00000181378	false	mapping_candidate	2
Luck2020	Nature_supplement_2020-04-08	negative_evidence	Ensembl	ENSG00000181544	ENSG00000181544	false	mapping_candidate	2
Luck2020	Nature_supplement_2020-04-08	negative_evidence	Ensembl	ENSG00000181773	ENSG00000181773	false	mapping_candidate	2
Luck2020	Nature_supplement_2020-04-08	negative_evidence	Ensembl	ENSG00000182287	ENSG00000182287	false	mapping_candidate	5
Luck2020	Nature_supplement_2020-04-08	negative_evidence	Ensembl	ENSG00000182389	ENSG00000182389	false	mapping_candidate	2
Luck2020	Nature_supplement_2020-04-08	negative_evidence	Ensembl	ENSG00000182628	ENSG00000182628	false	mapping_candidate	3
Luck2020	Nature_supplement_2020-04-08	negative_evidence	Ensembl	ENSG00000182870	ENSG00000182870	false	mapping_candidate	2
Luck2020	Nature_supplement_2020-04-08	negative_evidence	Ensembl	ENSG00000183010	ENSG00000183010	false	mapping_candidate	2
Luck2020	Nature_supplement_2020-04-08	negative_evidence	Ensembl	ENSG00000183032	ENSG00000183032	false	mapping_candidate	5
Luck2020	Nature_supplement_2020-04-08	negative_evidence	Ensembl	ENSG00000183044	ENSG00000183044	false	mapping_candidate	2
Luck2020	Nature_supplement_2020-04-08	negative_evidence	Ensembl	ENSG00000183072	ENSG00000183072	false	mapping_candidate	6
Luck2020	Nature_supplement_2020-04-08	negative_evidence	Ensembl	ENSG00000183077	ENSG00000183077	false	mapping_candidate	4
Luck2020	Nature_supplement_2020-04-08	negative_evidence	Ensembl	ENSG00000183395	ENSG00000183395	false	mapping_candidate	4
Luck2020	Nature_supplement_2020-04-08	negative_evidence	Ensembl	ENSG00000183486	ENSG00000183486	false	mapping_candidate	3
Luck2020	Nature_supplement_2020-04-08	negative_evidence	Ensembl	ENSG00000183495	ENSG00000183495	false	mapping_candidate	2
Luck2020	Nature_supplement_2020-04-08	negative_evidence	Ensembl	ENSG00000183625	ENSG00000183625	false	mapping_candidate	2
Luck2020	Nature_supplement_2020-04-08	negative_evidence	Ensembl	ENSG00000184108	ENSG00000184108	false	mapping_candidate	2
Luck2020	Nature_supplement_2020-04-08	negative_evidence	Ensembl	ENSG00000184194	ENSG00000184194	false	mapping_candidate	2
Luck2020	Nature_supplement_2020-04-08	negative_evidence	Ensembl	ENSG00000184350	ENSG00000184350	false	mapping_candidate	2
Luck2020	Nature_supplement_2020-04-08	negative_evidence	Ensembl	ENSG00000184470	ENSG00000184470	false	mapping_candidate	3
Luck2020	Nature_supplement_2020-04-08	negative_evidence	Ensembl	ENSG00000184500	ENSG00000184500	false	mapping_candidate	4
Luck2020	Nature_supplement_2020-04-08	negative_evidence	Ensembl	ENSG00000184787	ENSG00000184787	false	mapping_candidate	5
Luck2020	Nature_supplement_2020-04-08	negative_evidence	Ensembl	ENSG00000184900	ENSG00000184900	false	mapping_candidate	2
Luck2020	Nature_supplement_2020-04-08	negative_evidence	Ensembl	ENSG00000185245	ENSG00000185245	false	mapping_candidate	6
Luck2020	Nature_supplement_2020-04-08	negative_evidence	Ensembl	ENSG00000185475	ENSG00000185475	false	mapping_candidate	3
Luck2020	Nature_supplement_2020-04-08	negative_evidence	Ensembl	ENSG00000185640	ENSG00000185640	false	mapping_candidate	3
Luck2020	Nature_supplement_2020-04-08	negative_evidence	Ensembl	ENSG00000185650	ENSG00000185650	false	mapping_candidate	2
Luck2020	Nature_supplement_2020-04-08	negative_evidence	Ensembl	ENSG00000185787	ENSG00000185787	false	mapping_candidate	2
Luck2020	Nature_supplement_2020-04-08	negative_evidence	Ensembl	ENSG00000185880	ENSG00000185880	false	mapping_candidate	2
Luck2020	Nature_supplement_2020-04-08	negative_evidence	Ensembl	ENSG00000185883	ENSG00000185883	false	mapping_candidate	3
Luck2020	Nature_supplement_2020-04-08	negative_evidence	Ensembl	ENSG00000185962	ENSG00000185962	false	mapping_candidate	6
Luck2020	Nature_supplement_2020-04-08	negative_evidence	Ensembl	ENSG00000186340	ENSG00000186340	false	mapping_candidate	3
Luck2020	Nature_supplement_2020-04-08	negative_evidence	Ensembl	ENSG00000186723	ENSG00000186723	false	mapping_candidate	2
Luck2020	Nature_supplement_2020-04-08	negative_evidence	Ensembl	ENSG00000186895	ENSG00000186895	false	mapping_candidate	9
Luck2020	Nature_supplement_2020-04-08	negative_evidence	Ensembl	ENSG00000186970	ENSG00000186970	false	mapping_candidate	2
Luck2020	Nature_supplement_2020-04-08	negative_evidence	Ensembl	ENSG00000186998	ENSG00000186998	false	mapping_candidate	2
Luck2020	Nature_supplement_2020-04-08	negative_evidence	Ensembl	ENSG00000187134	ENSG00000187134	false	mapping_candidate	3
Luck2020	Nature_supplement_2020-04-08	negative_evidence	Ensembl	ENSG00000187223	ENSG00000187223	false	mapping_candidate	2
Luck2020	Nature_supplement_2020-04-08	negative_evidence	Ensembl	ENSG00000187545	ENSG00000187545	false	mapping_candidate	3
Luck2020	Nature_supplement_2020-04-08	negative_evidence	Ensembl	ENSG00000187626	ENSG00000187626	false	mapping_candidate	6
Luck2020	Nature_supplement_2020-04-08	negative_evidence	Ensembl	ENSG00000187837	ENSG00000187837	false	mapping_candidate	6
Luck2020	Nature_supplement_2020-04-08	negative_evidence	Ensembl	ENSG00000187944	ENSG00000187944	false	mapping_candidate	3
Luck2020	Nature_supplement_2020-04-08	negative_evidence	Ensembl	ENSG00000187954	ENSG00000187954	false	mapping_candidate	3
Luck2020	Nature_supplement_2020-04-08	negative_evidence	Ensembl	ENSG00000188060	ENSG00000188060	false	mapping_candidate	2
Luck2020	Nature_supplement_2020-04-08	negative_evidence	Ensembl	ENSG00000188611	ENSG00000188611	false	mapping_candidate	3
Luck2020	Nature_supplement_2020-04-08	negative_evidence	Ensembl	ENSG00000188986	ENSG00000188986	false	mapping_candidate	2
Luck2020	Nature_supplement_2020-04-08	negative_evidence	Ensembl	ENSG00000189058	ENSG00000189058	false	mapping_candidate	6
Luck2020	Nature_supplement_2020-04-08	negative_evidence	Ensembl	ENSG00000196214	ENSG00000196214	false	mapping_candidate	2
Luck2020	Nature_supplement_2020-04-08	negative_evidence	Ensembl	ENSG00000196284	ENSG00000196284	false	mapping_candidate	1
Luck2020	Nature_supplement_2020-04-08	negative_evidence	Ensembl	ENSG00000196368	ENSG00000196368	false	mapping_candidate	2
Luck2020	Nature_supplement_2020-04-08	negative_evidence	Ensembl	ENSG00000196372	ENSG00000196372	false	mapping_candidate	1
Luck2020	Nature_supplement_2020-04-08	negative_evidence	Ensembl	ENSG00000196418	ENSG00000196418	false	mapping_candidate	2
Luck2020	Nature_supplement_2020-04-08	negative_evidence	Ensembl	ENSG00000196470	ENSG00000196470	false	mapping_candidate	3
Luck2020	Nature_supplement_2020-04-08	negative_evidence	Ensembl	ENSG00000196611	ENSG00000196611	false	mapping_candidate	3
Luck2020	Nature_supplement_2020-04-08	negative_evidence	Ensembl	ENSG00000197128	ENSG00000197128	false	mapping_candidate	2
Luck2020	Nature_supplement_2020-04-08	negative_evidence	Ensembl	ENSG00000197162	ENSG00000197162	false	mapping_candidate	2
Luck2020	Nature_supplement_2020-04-08	negative_evidence	Ensembl	ENSG00000197170	ENSG00000197170	false	mapping_candidate	6
Luck2020	Nature_supplement_2020-04-08	negative_evidence	Ensembl	ENSG00000197324	ENSG00000197324	false	mapping_candidate	2
Luck2020	Nature_supplement_2020-04-08	negative_evidence	Ensembl	ENSG00000197563	ENSG00000197563	false	mapping_candidate	3
Luck2020	Nature_supplement_2020-04-08	negative_evidence	Ensembl	ENSG00000197616	ENSG00000197616	false	mapping_candidate	3
Luck2020	Nature_supplement_2020-04-08	negative_evidence	Ensembl	ENSG00000197702	ENSG00000197702	false	mapping_candidate	1
Luck2020	Nature_supplement_2020-04-08	negative_evidence	Ensembl	ENSG00000197748	ENSG00000197748	false	mapping_candidate	3
Luck2020	Nature_supplement_2020-04-08	negative_evidence	Ensembl	ENSG00000197771	ENSG00000197771	false	mapping_candidate	6
Luck2020	Nature_supplement_2020-04-08	negative_evidence	Ensembl	ENSG00000197859	ENSG00000197859	false	mapping_candidate	2
Luck2020	Nature_supplement_2020-04-08	negative_evidence	Ensembl	ENSG00000197872	ENSG00000197872	false	mapping_candidate	3
Luck2020	Nature_supplement_2020-04-08	negative_evidence	Ensembl	ENSG00000197903	ENSG00000197903	false	mapping_candidate	6
Luck2020	Nature_supplement_2020-04-08	negative_evidence	Ensembl	ENSG00000198088	ENSG00000198088	false	mapping_candidate	7
Luck2020	Nature_supplement_2020-04-08	negative_evidence	Ensembl	ENSG00000198130	ENSG00000198130	false	mapping_candidate	3
Luck2020	Nature_supplement_2020-04-08	negative_evidence	Ensembl	ENSG00000198146	ENSG00000198146	false	mapping_candidate	3
Luck2020	Nature_supplement_2020-04-08	negative_evidence	Ensembl	ENSG00000198336	ENSG00000198336	false	mapping_candidate	2
Luck2020	Nature_supplement_2020-04-08	negative_evidence	Ensembl	ENSG00000198435	ENSG00000198435	false	mapping_candidate	3
Luck2020	Nature_supplement_2020-04-08	negative_evidence	Ensembl	ENSG00000198492	ENSG00000198492	false	mapping_candidate	3
Luck2020	Nature_supplement_2020-04-08	negative_evidence	Ensembl	ENSG00000198498	ENSG00000198498	false	mapping_candidate	5
Luck2020	Nature_supplement_2020-04-08	negative_evidence	Ensembl	ENSG00000198759	ENSG00000198759	false	mapping_candidate	3
Luck2020	Nature_supplement_2020-04-08	negative_evidence	Ensembl	ENSG00000198783	ENSG00000198783	false	mapping_candidate	7
Luck2020	Nature_supplement_2020-04-08	negative_evidence	Ensembl	ENSG00000198844	ENSG00000198844	false	mapping_candidate	6
Luck2020	Nature_supplement_2020-04-08	negative_evidence	Ensembl	ENSG00000198848	ENSG00000198848	false	mapping_candidate	2
Luck2020	Nature_supplement_2020-04-08	negative_evidence	Ensembl	ENSG00000198860	ENSG00000198860	false	mapping_candidate	2
Luck2020	Nature_supplement_2020-04-08	negative_evidence	Ensembl	ENSG00000198885	ENSG00000198885	false	mapping_candidate	1
Luck2020	Nature_supplement_2020-04-08	negative_evidence	Ensembl	ENSG00000203685	ENSG00000203685	false	mapping_candidate	2
Luck2020	Nature_supplement_2020-04-08	negative_evidence	Ensembl	ENSG00000203908	ENSG00000203908	false	mapping_candidate	1
Luck2020	Nature_supplement_2020-04-08	negative_evidence	Ensembl	ENSG00000204007	ENSG00000204007	false	mapping_candidate	1
Luck2020	Nature_supplement_2020-04-08	negative_evidence	Ensembl	ENSG00000204104	ENSG00000204104	false	mapping_candidate	3
Luck2020	Nature_supplement_2020-04-08	negative_evidence	Ensembl	ENSG00000204178	ENSG00000204178	false	mapping_candidate	2
Luck2020	Nature_supplement_2020-04-08	negative_evidence	Ensembl	ENSG00000204231	ENSG00000204231	false	mapping_candidate	6
Luck2020	Nature_supplement_2020-04-08	negative_evidence	Ensembl	ENSG00000204296	ENSG00000204296	false	mapping_candidate	3
Luck2020	Nature_supplement_2020-04-08	negative_evidence	Ensembl	ENSG00000204301	ENSG00000204301	false	mapping_candidate	2
Luck2020	Nature_supplement_2020-04-08	negative_evidence	Ensembl	ENSG00000204315	ENSG00000204315	false	mapping_candidate	2
Luck2020	Nature_supplement_2020-04-08	negative_evidence	Ensembl	ENSG00000204442	ENSG00000204442	false	mapping_candidate	3
Luck2020	Nature_supplement_2020-04-08	negative_evidence	Ensembl	ENSG00000204449	ENSG00000204449	false	mapping_candidate	2
Luck2020	Nature_supplement_2020-04-08	negative_evidence	Ensembl	ENSG00000204519	ENSG00000204519	false	mapping_candidate	1
Luck2020	Nature_supplement_2020-04-08	negative_evidence	Ensembl	ENSG00000204618	ENSG00000204618	false	mapping_candidate	2
Luck2020	Nature_supplement_2020-04-08	negative_evidence	Ensembl	ENSG00000204632	ENSG00000204632	false	mapping_candidate	6
Luck2020	Nature_supplement_2020-04-08	negative_evidence	Ensembl	ENSG00000204991	ENSG00000204991	false	mapping_candidate	3
Luck2020	Nature_supplement_2020-04-08	negative_evidence	Ensembl	ENSG00000205002	ENSG00000205002	false	mapping_candidate	3
Luck2020	Nature_supplement_2020-04-08	negative_evidence	Ensembl	ENSG00000205496	ENSG00000205496	false	mapping_candidate	2
Luck2020	Nature_supplement_2020-04-08	negative_evidence	Ensembl	ENSG00000205593	ENSG00000205593	false	mapping_candidate	6
Luck2020	Nature_supplement_2020-04-08	negative_evidence	Ensembl	ENSG00000205944	ENSG00000205944	false	mapping_candidate	3
Luck2020	Nature_supplement_2020-04-08	negative_evidence	Ensembl	ENSG00000206177	ENSG00000206177	false	mapping_candidate	2
Luck2020	Nature_supplement_2020-04-08	negative_evidence	Ensembl	ENSG00000213203	ENSG00000213203	false	mapping_candidate	3
Luck2020	Nature_supplement_2020-04-08	negative_evidence	Ensembl	ENSG00000213347	ENSG00000213347	false	mapping_candidate	2
Luck2020	Nature_supplement_2020-04-08	negative_evidence	Ensembl	ENSG00000213533	ENSG00000213533	false	mapping_candidate	2
Luck2020	Nature_supplement_2020-04-08	negative_evidence	Ensembl	ENSG00000213782	ENSG00000213782	false	mapping_candidate	2
Luck2020	Nature_supplement_2020-04-08	negative_evidence	Ensembl	ENSG00000213865	ENSG00000213865	false	mapping_candidate	3
Luck2020	Nature_supplement_2020-04-08	negative_evidence	Ensembl	ENSG00000213983	ENSG00000213983	false	mapping_candidate	1
Luck2020	Nature_supplement_2020-04-08	negative_evidence	Ensembl	ENSG00000214212	ENSG00000214212	false	mapping_candidate	2
Luck2020	Nature_supplement_2020-04-08	negative_evidence	Ensembl	ENSG00000215012	ENSG00000215012	false	mapping_candidate	6
Luck2020	Nature_supplement_2020-04-08	negative_evidence	Ensembl	ENSG00000221818	ENSG00000221818	false	mapping_candidate	4
Luck2020	Nature_supplement_2020-04-08	negative_evidence	Ensembl	ENSG00000221955	ENSG00000221955	false	mapping_candidate	2
Luck2020	Nature_supplement_2020-04-08	negative_evidence	Ensembl	ENSG00000221983	ENSG00000221983	false	mapping_candidate	2
Luck2020	Nature_supplement_2020-04-08	negative_evidence	Ensembl	ENSG00000229183	ENSG00000229183	false	mapping_candidate	2
Luck2020	Nature_supplement_2020-04-08	negative_evidence	Ensembl	ENSG00000229809	ENSG00000229809	false	mapping_candidate	6
Luck2020	Nature_supplement_2020-04-08	negative_evidence	Ensembl	ENSG00000232268	ENSG00000232268	false	mapping_candidate	3
Luck2020	Nature_supplement_2020-04-08	negative_evidence	Ensembl	ENSG00000234127	ENSG00000234127	false	mapping_candidate	6
Luck2020	Nature_supplement_2020-04-08	negative_evidence	Ensembl	ENSG00000239282	ENSG00000239282	false	mapping_candidate	3
Luck2020	Nature_supplement_2020-04-08	negative_evidence	Ensembl	ENSG00000240505	ENSG00000240505	false	mapping_candidate	2
Luck2020	Nature_supplement_2020-04-08	negative_evidence	Ensembl	ENSG00000240764	ENSG00000240764	false	mapping_candidate	3
Luck2020	Nature_supplement_2020-04-08	negative_evidence	Ensembl	ENSG00000241685	ENSG00000241685	false	mapping_candidate	2
Luck2020	Nature_supplement_2020-04-08	negative_evidence	Ensembl	ENSG00000241837	ENSG00000241837	false	mapping_candidate	6
Luck2020	Nature_supplement_2020-04-08	negative_evidence	Ensembl	ENSG00000242259	ENSG00000242259	false	mapping_candidate	3
Luck2020	Nature_supplement_2020-04-08	negative_evidence	Ensembl	ENSG00000242574	ENSG00000242574	false	mapping_candidate	6
Luck2020	Nature_supplement_2020-04-08	negative_evidence	Ensembl	ENSG00000242950	ENSG00000242950	false	mapping_candidate	2
Luck2020	Nature_supplement_2020-04-08	negative_evidence	Ensembl	ENSG00000243156	ENSG00000243156	false	mapping_candidate	2
Luck2020	Nature_supplement_2020-04-08	negative_evidence	Ensembl	ENSG00000243710	ENSG00000243710	false	mapping_candidate	3
Luck2020	Nature_supplement_2020-04-08	negative_evidence	Ensembl	ENSG00000244509	ENSG00000244509	false	mapping_candidate	2
Luck2020	Nature_supplement_2020-04-08	negative_evidence	Ensembl	ENSG00000244754	ENSG00000244754	false	mapping_candidate	2
Luck2020	Nature_supplement_2020-04-08	negative_evidence	Ensembl	ENSG00000248905	ENSG00000248905	false	mapping_candidate	2
Luck2020	Nature_supplement_2020-04-08	negative_evidence	Ensembl	ENSG00000254093	ENSG00000254093	false	mapping_candidate	2
Luck2020	Nature_supplement_2020-04-08	negative_evidence	Ensembl	ENSG00000255524	ENSG00000255524	false	mapping_candidate	3
Luck2020	Nature_supplement_2020-04-08	negative_evidence	Ensembl	ENSG00000255529	ENSG00000255529	false	mapping_candidate	2
Luck2020	Nature_supplement_2020-04-08	negative_evidence	Ensembl	ENSG00000255837	ENSG00000255837	false	mapping_candidate	3
Luck2020	Nature_supplement_2020-04-08	negative_evidence	Ensembl	ENSG00000256043	ENSG00000256043	false	mapping_candidate	3
Luck2020	Nature_supplement_2020-04-08	negative_evidence	Ensembl	ENSG00000256683	ENSG00000256683	false	mapping_candidate	5
Luck2020	Nature_supplement_2020-04-08	negative_evidence	Ensembl	ENSG00000256812	ENSG00000256812	false	mapping_candidate	3
Luck2020	Nature_supplement_2020-04-08	negative_evidence	Ensembl	ENSG00000259030	ENSG00000259030	false	mapping_candidate	2
Luck2020	Nature_supplement_2020-04-08	negative_evidence	Ensembl	ENSG00000262576	ENSG00000262576	false	mapping_candidate	2
Luck2020	Nature_supplement_2020-04-08	negative_evidence	Ensembl	ENSG00000262814	ENSG00000262814	false	mapping_candidate	2
Luck2020	Nature_supplement_2020-04-08	negative_evidence	Ensembl	ENSG00000263465	ENSG00000263465	false	mapping_candidate	3
Luck2020	Nature_supplement_2020-04-08	negative_evidence	Ensembl	ENSG00000265241	ENSG00000265241	false	mapping_candidate	2
Luck2020	Nature_supplement_2020-04-08	negative_evidence	Ensembl	ENSG00000275023	ENSG00000275023	false	mapping_candidate	2
Luck2020	Nature_supplement_2020-04-08	negative_evidence	Ensembl	ENSG00000276043	ENSG00000276043	false	mapping_candidate	2
Luck2020	Nature_supplement_2020-04-08	negative_evidence	Ensembl	ENSG00000277462	ENSG00000277462	false	mapping_candidate	5
Luck2020	Nature_supplement_2020-04-08	negative_evidence	Ensembl	ENSG00000278053	ENSG00000278053	false	mapping_candidate	2
Luck2020	Nature_supplement_2020-04-08	negative_evidence	Ensembl	ENSG00000282034	ENSG00000282034	false	mapping_candidate	2
