source_table	source_record_id	orf_id_a	orf_id_b	mapping_count_a	mapping_count_b	reason
5	Luck2020-ST5-line:8	10247	2022	0	1	orf_to_ensembl_not_one_to_one
5	Luck2020-ST5-line:17	2673	4056	1	0	orf_to_ensembl_not_one_to_one
5	Luck2020-ST5-line:18	7938	9994	1	0	orf_to_ensembl_not_one_to_one
5	Luck2020-ST5-line:44	2737	4849	0	1	orf_to_ensembl_not_one_to_one
5	Luck2020-ST5-line:51	3789	8763	1	0	orf_to_ensembl_not_one_to_one
5	Luck2020-ST5-line:55	617	4447	0	1	orf_to_ensembl_not_one_to_one
5	Luck2020-ST5-line:57	427	5271	0	1	orf_to_ensembl_not_one_to_one
5	Luck2020-ST5-line:58	6150	248	1	0	orf_to_ensembl_not_one_to_one
5	Luck2020-ST5-line:81	6014	4758	0	1	orf_to_ensembl_not_one_to_one
5	Luck2020-ST5-line:102	4527	8732	0	1	orf_to_ensembl_not_one_to_one
5	Luck2020-ST5-line:106	6060	8604	1	0	orf_to_ensembl_not_one_to_one
5	Luck2020-ST5-line:121	5545	9673	1	0	orf_to_ensembl_not_one_to_one
5	Luck2020-ST5-line:126	56	779	0	1	orf_to_ensembl_not_one_to_one
5	Luck2020-ST5-line:130	10082	7886	0	1	orf_to_ensembl_not_one_to_one
5	Luck2020-ST5-line:154	3572	1003	1	2	orf_to_ensembl_not_one_to_one
5	Luck2020-ST5-line:159	9314	7272	1	2	orf_to_ensembl_not_one_to_one
5	Luck2020-ST5-line:163	174	472	1	0	orf_to_ensembl_not_one_to_one
5	Luck2020-ST5-line:168	4536	1915	0	1	orf_to_ensembl_not_one_to_one
5	Luck2020-ST5-line:184	7773	6905	0	1	orf_to_ensembl_not_one_to_one
5	Luck2020-ST5-line:186	8732	4527	1	0	orf_to_ensembl_not_one_to_one
5	Luck2020-ST5-line:190	8604	6060	0	1	orf_to_ensembl_not_one_to_one
5	Luck2020-ST5-line:205	9673	5545	0	1	orf_to_ensembl_not_one_to_one
5	Luck2020-ST5-line:214	7886	10082	1	0	orf_to_ensembl_not_one_to_one
5	Luck2020-ST5-line:242	10010	8573	1	0	orf_to_ensembl_not_one_to_one
5	Luck2020-ST5-line:243	7272	9314	2	1	orf_to_ensembl_not_one_to_one
5	Luck2020-ST5-line:275	4056	2673	0	1	orf_to_ensembl_not_one_to_one
5	Luck2020-ST5-line:276	9994	7938	0	1	orf_to_ensembl_not_one_to_one
5	Luck2020-ST5-line:302	4849	2737	1	0	orf_to_ensembl_not_one_to_one
5	Luck2020-ST5-line:309	8763	3789	0	1	orf_to_ensembl_not_one_to_one
5	Luck2020-ST5-line:313	4447	617	1	0	orf_to_ensembl_not_one_to_one
5	Luck2020-ST5-line:315	5271	427	1	0	orf_to_ensembl_not_one_to_one
5	Luck2020-ST5-line:339	4758	6014	1	0	orf_to_ensembl_not_one_to_one
5	Luck2020-ST5-line:356	10247	2022	0	1	orf_to_ensembl_not_one_to_one
5	Luck2020-ST5-line:365	2673	4056	1	0	orf_to_ensembl_not_one_to_one
5	Luck2020-ST5-line:366	7938	9994	1	0	orf_to_ensembl_not_one_to_one
5	Luck2020-ST5-line:392	2737	4849	0	1	orf_to_ensembl_not_one_to_one
5	Luck2020-ST5-line:399	3789	8763	1	0	orf_to_ensembl_not_one_to_one
5	Luck2020-ST5-line:403	617	4447	0	1	orf_to_ensembl_not_one_to_one
5	Luck2020-ST5-line:405	427	5271	0	1	orf_to_ensembl_not_one_to_one
5	Luck2020-ST5-line:406	6150	248	1	0	orf_to_ensembl_not_one_to_one
5	Luck2020-ST5-line:429	6014	4758	0	1	orf_to_ensembl_not_one_to_one
5	Luck2020-ST5-line:434	2877	6034	1	0	orf_to_ensembl_not_one_to_one
5	Luck2020-ST5-line:450	4527	8732	0	1	orf_to_ensembl_not_one_to_one
5	Luck2020-ST5-line:454	6060	8604	1	0	orf_to_ensembl_not_one_to_one
5	Luck2020-ST5-line:469	5545	9673	1	0	orf_to_ensembl_not_one_to_one
5	Luck2020-ST5-line:474	56	779	0	1	orf_to_ensembl_not_one_to_one
5	Luck2020-ST5-line:478	10082	7886	0	1	orf_to_ensembl_not_one_to_one
5	Luck2020-ST5-line:502	3572	1003	1	2	orf_to_ensembl_not_one_to_one
5	Luck2020-ST5-line:504	3409	3375	0	1	orf_to_ensembl_not_one_to_one
5	Luck2020-ST5-line:506	8573	10010	0	1	orf_to_ensembl_not_one_to_one
5	Luck2020-ST5-line:507	9314	7272	1	2	orf_to_ensembl_not_one_to_one
5	Luck2020-ST5-line:511	174	472	1	0	orf_to_ensembl_not_one_to_one
5	Luck2020-ST5-line:516	4536	1915	0	1	orf_to_ensembl_not_one_to_one
5	Luck2020-ST5-line:532	7773	6905	0	1	orf_to_ensembl_not_one_to_one
5	Luck2020-ST5-line:534	8732	4527	1	0	orf_to_ensembl_not_one_to_one
5	Luck2020-ST5-line:538	8604	6060	0	1	orf_to_ensembl_not_one_to_one
5	Luck2020-ST5-line:553	9673	5545	0	1	orf_to_ensembl_not_one_to_one
5	Luck2020-ST5-line:562	7886	10082	1	0	orf_to_ensembl_not_one_to_one
5	Luck2020-ST5-line:586	1003	3572	2	1	orf_to_ensembl_not_one_to_one
5	Luck2020-ST5-line:588	3375	3409	1	0	orf_to_ensembl_not_one_to_one
5	Luck2020-ST5-line:590	10010	8573	1	0	orf_to_ensembl_not_one_to_one
5	Luck2020-ST5-line:591	7272	9314	2	1	orf_to_ensembl_not_one_to_one
5	Luck2020-ST5-line:600	1915	4536	1	0	orf_to_ensembl_not_one_to_one
5	Luck2020-ST5-line:614	2022	10247	1	0	orf_to_ensembl_not_one_to_one
5	Luck2020-ST5-line:623	4056	2673	0	1	orf_to_ensembl_not_one_to_one
5	Luck2020-ST5-line:624	9994	7938	0	1	orf_to_ensembl_not_one_to_one
5	Luck2020-ST5-line:650	4849	2737	1	0	orf_to_ensembl_not_one_to_one
5	Luck2020-ST5-line:657	8763	3789	0	1	orf_to_ensembl_not_one_to_one
5	Luck2020-ST5-line:661	4447	617	1	0	orf_to_ensembl_not_one_to_one
5	Luck2020-ST5-line:663	5271	427	1	0	orf_to_ensembl_not_one_to_one
5	Luck2020-ST5-line:687	4758	6014	1	0	orf_to_ensembl_not_one_to_one
5	Luck2020-ST5-line:692	6034	2877	0	1	orf_to_ensembl_not_one_to_one
5	Luck2020-ST5-line:705	10247	2022	0	1	orf_to_ensembl_not_one_to_one
5	Luck2020-ST5-line:716	3789	8763	1	0	orf_to_ensembl_not_one_to_one
5	Luck2020-ST5-line:720	617	4447	0	1	orf_to_ensembl_not_one_to_one
5	Luck2020-ST5-line:737	2737	4849	0	1	orf_to_ensembl_not_one_to_one
5	Luck2020-ST5-line:750	7938	9994	1	0	orf_to_ensembl_not_one_to_one
5	Luck2020-ST5-line:751	427	5271	0	1	orf_to_ensembl_not_one_to_one
5	Luck2020-ST5-line:752	6150	248	1	0	orf_to_ensembl_not_one_to_one
5	Luck2020-ST5-line:753	2673	4056	1	0	orf_to_ensembl_not_one_to_one
5	Luck2020-ST5-line:757	6014	4758	0	1	orf_to_ensembl_not_one_to_one
5	Luck2020-ST5-line:784	2877	6034	1	0	orf_to_ensembl_not_one_to_one
5	Luck2020-ST5-line:795	2022	10247	1	0	orf_to_ensembl_not_one_to_one
5	Luck2020-ST5-line:806	8763	3789	0	1	orf_to_ensembl_not_one_to_one
5	Luck2020-ST5-line:810	4447	617	1	0	orf_to_ensembl_not_one_to_one
5	Luck2020-ST5-line:827	4849	2737	1	0	orf_to_ensembl_not_one_to_one
5	Luck2020-ST5-line:840	9994	7938	0	1	orf_to_ensembl_not_one_to_one
5	Luck2020-ST5-line:841	5271	427	1	0	orf_to_ensembl_not_one_to_one
5	Luck2020-ST5-line:843	4056	2673	0	1	orf_to_ensembl_not_one_to_one
5	Luck2020-ST5-line:847	4758	6014	1	0	orf_to_ensembl_not_one_to_one
5	Luck2020-ST5-line:889	5545	9673	1	0	orf_to_ensembl_not_one_to_one
5	Luck2020-ST5-line:904	174	472	1	0	orf_to_ensembl_not_one_to_one
5	Luck2020-ST5-line:908	9314	7272	1	2	orf_to_ensembl_not_one_to_one
5	Luck2020-ST5-line:910	8573	10010	0	1	orf_to_ensembl_not_one_to_one
5	Luck2020-ST5-line:917	3409	3375	0	1	orf_to_ensembl_not_one_to_one
5	Luck2020-ST5-line:918	4527	8732	0	1	orf_to_ensembl_not_one_to_one
5	Luck2020-ST5-line:931	6060	8604	1	0	orf_to_ensembl_not_one_to_one
5	Luck2020-ST5-line:939	56	779	0	1	orf_to_ensembl_not_one_to_one
5	Luck2020-ST5-line:943	10082	7886	0	1	orf_to_ensembl_not_one_to_one
5	Luck2020-ST5-line:947	3572	1003	1	2	orf_to_ensembl_not_one_to_one
5	Luck2020-ST5-line:955	4536	1915	0	1	orf_to_ensembl_not_one_to_one
5	Luck2020-ST5-line:965	7773	6905	0	1	orf_to_ensembl_not_one_to_one
5	Luck2020-ST5-line:973	9673	5545	0	1	orf_to_ensembl_not_one_to_one
5	Luck2020-ST5-line:992	7272	9314	2	1	orf_to_ensembl_not_one_to_one
5	Luck2020-ST5-line:994	10010	8573	1	0	orf_to_ensembl_not_one_to_one
5	Luck2020-ST5-line:1002	8732	4527	1	0	orf_to_ensembl_not_one_to_one
5	Luck2020-ST5-line:1015	8604	6060	0	1	orf_to_ensembl_not_one_to_one
5	Luck2020-ST5-line:1027	7886	10082	1	0	orf_to_ensembl_not_one_to_one
5	Luck2020-ST5-line:1039	1915	4536	1	0	orf_to_ensembl_not_one_to_one
6	Luck2020-ST6-line:171	1715	7272	1	2	orf_to_ensembl_not_one_to_one
6	Luck2020-ST6-line:172	1715	7272	1	2	orf_to_ensembl_not_one_to_one
6	Luck2020-ST6-line:173	1715	7272	1	2	orf_to_ensembl_not_one_to_one
6	Luck2020-ST6-line:199	1940	70773	2	1	orf_to_ensembl_not_one_to_one
6	Luck2020-ST6-line:200	1940	70773	2	1	orf_to_ensembl_not_one_to_one
6	Luck2020-ST6-line:201	1940	70773	2	1	orf_to_ensembl_not_one_to_one
6	Luck2020-ST6-line:395	3990	10543	1	2	orf_to_ensembl_not_one_to_one
6	Luck2020-ST6-line:396	3990	10543	1	2	orf_to_ensembl_not_one_to_one
6	Luck2020-ST6-line:397	3990	10543	1	2	orf_to_ensembl_not_one_to_one
6	Luck2020-ST6-line:831	9967	54674	1	3	orf_to_ensembl_not_one_to_one
6	Luck2020-ST6-line:1643	3571	10952	1	2	orf_to_ensembl_not_one_to_one
6	Luck2020-ST6-line:1644	3571	10952	1	2	orf_to_ensembl_not_one_to_one
6	Luck2020-ST6-line:1645	3571	10952	1	2	orf_to_ensembl_not_one_to_one
6	Luck2020-ST6-line:2009	5345	10201	2	1	orf_to_ensembl_not_one_to_one
6	Luck2020-ST6-line:2010	5345	10201	2	1	orf_to_ensembl_not_one_to_one
6	Luck2020-ST6-line:2156	6708	72146	2	1	orf_to_ensembl_not_one_to_one
